fb_0	V29_WARM_JOIN=1 V29_WARM_FB=1 V17_R_RES=4 V26_STRASSEN=6 V26_STRASSEN_MIN=16 V32_JOIN_SMM=1 V32_ROT_SMM=1 V32_JOIN_POST=3 V32_JP_C=0.1 V21_R_OLD=320 V24_R_OLD2=192 V18_R_FB=2 V24_AGE_OLD2=8 V33_K4Q=3 V33_K4Q_RANK=4 V34_OPT=abcdefgj V33_SAT=-2.5 V35_SAT_ROUND=64 V35_SATC=1 V35_SKIP_JOIN_L2=1 V35_SB_MN=8 V35_CPRE_MN=8 V35_JN_MN=8 V52_FB_FOLD=1  SAVE_OUT=ofbc_0.npy python oracle_one.py 0 none none fb
fb_1	V29_WARM_JOIN=1 V29_WARM_FB=1 V17_R_RES=4 V26_STRASSEN=6 V26_STRASSEN_MIN=16 V32_JOIN_SMM=1 V32_ROT_SMM=1 V32_JOIN_POST=3 V32_JP_C=0.1 V21_R_OLD=320 V24_R_OLD2=192 V18_R_FB=2 V24_AGE_OLD2=8 V33_K4Q=3 V33_K4Q_RANK=4 V34_OPT=abcdefgj V33_SAT=-2.5 V35_SAT_ROUND=64 V35_SATC=1 V35_SKIP_JOIN_L2=1 V35_SB_MN=8 V35_CPRE_MN=8 V35_JN_MN=8 V52_FB_FOLD=1  SAVE_OUT=ofbc_1.npy python oracle_one.py 1 none none fb
fb_2	V29_WARM_JOIN=1 V29_WARM_FB=1 V17_R_RES=4 V26_STRASSEN=6 V26_STRASSEN_MIN=16 V32_JOIN_SMM=1 V32_ROT_SMM=1 V32_JOIN_POST=3 V32_JP_C=0.1 V21_R_OLD=320 V24_R_OLD2=192 V18_R_FB=2 V24_AGE_OLD2=8 V33_K4Q=3 V33_K4Q_RANK=4 V34_OPT=abcdefgj V33_SAT=-2.5 V35_SAT_ROUND=64 V35_SATC=1 V35_SKIP_JOIN_L2=1 V35_SB_MN=8 V35_CPRE_MN=8 V35_JN_MN=8 V52_FB_FOLD=1  SAVE_OUT=ofbc_2.npy python oracle_one.py 2 none none fb
fb_3	V29_WARM_JOIN=1 V29_WARM_FB=1 V17_R_RES=4 V26_STRASSEN=6 V26_STRASSEN_MIN=16 V32_JOIN_SMM=1 V32_ROT_SMM=1 V32_JOIN_POST=3 V32_JP_C=0.1 V21_R_OLD=320 V24_R_OLD2=192 V18_R_FB=2 V24_AGE_OLD2=8 V33_K4Q=3 V33_K4Q_RANK=4 V34_OPT=abcdefgj V33_SAT=-2.5 V35_SAT_ROUND=64 V35_SATC=1 V35_SKIP_JOIN_L2=1 V35_SB_MN=8 V35_CPRE_MN=8 V35_JN_MN=8 V52_FB_FOLD=1  SAVE_OUT=ofbc_3.npy python oracle_one.py 3 none none fb
fb_4	V29_WARM_JOIN=1 V29_WARM_FB=1 V17_R_RES=4 V26_STRASSEN=6 V26_STRASSEN_MIN=16 V32_JOIN_SMM=1 V32_ROT_SMM=1 V32_JOIN_POST=3 V32_JP_C=0.1 V21_R_OLD=320 V24_R_OLD2=192 V18_R_FB=2 V24_AGE_OLD2=8 V33_K4Q=3 V33_K4Q_RANK=4 V34_OPT=abcdefgj V33_SAT=-2.5 V35_SAT_ROUND=64 V35_SATC=1 V35_SKIP_JOIN_L2=1 V35_SB_MN=8 V35_CPRE_MN=8 V35_JN_MN=8 V52_FB_FOLD=1  SAVE_OUT=ofbc_4.npy python oracle_one.py 4 none none fb
fb_5	V29_WARM_JOIN=1 V29_WARM_FB=1 V17_R_RES=4 V26_STRASSEN=6 V26_STRASSEN_MIN=16 V32_JOIN_SMM=1 V32_ROT_SMM=1 V32_JOIN_POST=3 V32_JP_C=0.1 V21_R_OLD=320 V24_R_OLD2=192 V18_R_FB=2 V24_AGE_OLD2=8 V33_K4Q=3 V33_K4Q_RANK=4 V34_OPT=abcdefgj V33_SAT=-2.5 V35_SAT_ROUND=64 V35_SATC=1 V35_SKIP_JOIN_L2=1 V35_SB_MN=8 V35_CPRE_MN=8 V35_JN_MN=8 V52_FB_FOLD=1  SAVE_OUT=ofbc_5.npy python oracle_one.py 5 none none fb
fb_6	V29_WARM_JOIN=1 V29_WARM_FB=1 V17_R_RES=4 V26_STRASSEN=6 V26_STRASSEN_MIN=16 V32_JOIN_SMM=1 V32_ROT_SMM=1 V32_JOIN_POST=3 V32_JP_C=0.1 V21_R_OLD=320 V24_R_OLD2=192 V18_R_FB=2 V24_AGE_OLD2=8 V33_K4Q=3 V33_K4Q_RANK=4 V34_OPT=abcdefgj V33_SAT=-2.5 V35_SAT_ROUND=64 V35_SATC=1 V35_SKIP_JOIN_L2=1 V35_SB_MN=8 V35_CPRE_MN=8 V35_JN_MN=8 V52_FB_FOLD=1  SAVE_OUT=ofbc_6.npy python oracle_one.py 6 none none fb
fb_7	V29_WARM_JOIN=1 V29_WARM_FB=1 V17_R_RES=4 V26_STRASSEN=6 V26_STRASSEN_MIN=16 V32_JOIN_SMM=1 V32_ROT_SMM=1 V32_JOIN_POST=3 V32_JP_C=0.1 V21_R_OLD=320 V24_R_OLD2=192 V18_R_FB=2 V24_AGE_OLD2=8 V33_K4Q=3 V33_K4Q_RANK=4 V34_OPT=abcdefgj V33_SAT=-2.5 V35_SAT_ROUND=64 V35_SATC=1 V35_SKIP_JOIN_L2=1 V35_SB_MN=8 V35_CPRE_MN=8 V35_JN_MN=8 V52_FB_FOLD=1  SAVE_OUT=ofbc_7.npy python oracle_one.py 7 none none fb
fb_8	V29_WARM_JOIN=1 V29_WARM_FB=1 V17_R_RES=4 V26_STRASSEN=6 V26_STRASSEN_MIN=16 V32_JOIN_SMM=1 V32_ROT_SMM=1 V32_JOIN_POST=3 V32_JP_C=0.1 V21_R_OLD=320 V24_R_OLD2=192 V18_R_FB=2 V24_AGE_OLD2=8 V33_K4Q=3 V33_K4Q_RANK=4 V34_OPT=abcdefgj V33_SAT=-2.5 V35_SAT_ROUND=64 V35_SATC=1 V35_SKIP_JOIN_L2=1 V35_SB_MN=8 V35_CPRE_MN=8 V35_JN_MN=8 V52_FB_FOLD=1  SAVE_OUT=ofbc_8.npy python oracle_one.py 8 none none fb
fb_9	V29_WARM_JOIN=1 V29_WARM_FB=1 V17_R_RES=4 V26_STRASSEN=6 V26_STRASSEN_MIN=16 V32_JOIN_SMM=1 V32_ROT_SMM=1 V32_JOIN_POST=3 V32_JP_C=0.1 V21_R_OLD=320 V24_R_OLD2=192 V18_R_FB=2 V24_AGE_OLD2=8 V33_K4Q=3 V33_K4Q_RANK=4 V34_OPT=abcdefgj V33_SAT=-2.5 V35_SAT_ROUND=64 V35_SATC=1 V35_SKIP_JOIN_L2=1 V35_SB_MN=8 V35_CPRE_MN=8 V35_JN_MN=8 V52_FB_FOLD=1  SAVE_OUT=ofbc_9.npy python oracle_one.py 9 none none fb
fb_10	V29_WARM_JOIN=1 V29_WARM_FB=1 V17_R_RES=4 V26_STRASSEN=6 V26_STRASSEN_MIN=16 V32_JOIN_SMM=1 V32_ROT_SMM=1 V32_JOIN_POST=3 V32_JP_C=0.1 V21_R_OLD=320 V24_R_OLD2=192 V18_R_FB=2 V24_AGE_OLD2=8 V33_K4Q=3 V33_K4Q_RANK=4 V34_OPT=abcdefgj V33_SAT=-2.5 V35_SAT_ROUND=64 V35_SATC=1 V35_SKIP_JOIN_L2=1 V35_SB_MN=8 V35_CPRE_MN=8 V35_JN_MN=8 V52_FB_FOLD=1  SAVE_OUT=ofbc_10.npy python oracle_one.py 10 none none fb
fb_11	V29_WARM_JOIN=1 V29_WARM_FB=1 V17_R_RES=4 V26_STRASSEN=6 V26_STRASSEN_MIN=16 V32_JOIN_SMM=1 V32_ROT_SMM=1 V32_JOIN_POST=3 V32_JP_C=0.1 V21_R_OLD=320 V24_R_OLD2=192 V18_R_FB=2 V24_AGE_OLD2=8 V33_K4Q=3 V33_K4Q_RANK=4 V34_OPT=abcdefgj V33_SAT=-2.5 V35_SAT_ROUND=64 V35_SATC=1 V35_SKIP_JOIN_L2=1 V35_SB_MN=8 V35_CPRE_MN=8 V35_JN_MN=8 V52_FB_FOLD=1  SAVE_OUT=ofbc_11.npy python oracle_one.py 11 none none fb
fb_12	V29_WARM_JOIN=1 V29_WARM_FB=1 V17_R_RES=4 V26_STRASSEN=6 V26_STRASSEN_MIN=16 V32_JOIN_SMM=1 V32_ROT_SMM=1 V32_JOIN_POST=3 V32_JP_C=0.1 V21_R_OLD=320 V24_R_OLD2=192 V18_R_FB=2 V24_AGE_OLD2=8 V33_K4Q=3 V33_K4Q_RANK=4 V34_OPT=abcdefgj V33_SAT=-2.5 V35_SAT_ROUND=64 V35_SATC=1 V35_SKIP_JOIN_L2=1 V35_SB_MN=8 V35_CPRE_MN=8 V35_JN_MN=8 V52_FB_FOLD=1  SAVE_OUT=ofbc_12.npy python oracle_one.py 12 none none fb
fb_13	V29_WARM_JOIN=1 V29_WARM_FB=1 V17_R_RES=4 V26_STRASSEN=6 V26_STRASSEN_MIN=16 V32_JOIN_SMM=1 V32_ROT_SMM=1 V32_JOIN_POST=3 V32_JP_C=0.1 V21_R_OLD=320 V24_R_OLD2=192 V18_R_FB=2 V24_AGE_OLD2=8 V33_K4Q=3 V33_K4Q_RANK=4 V34_OPT=abcdefgj V33_SAT=-2.5 V35_SAT_ROUND=64 V35_SATC=1 V35_SKIP_JOIN_L2=1 V35_SB_MN=8 V35_CPRE_MN=8 V35_JN_MN=8 V52_FB_FOLD=1  SAVE_OUT=ofbc_13.npy python oracle_one.py 13 none none fb
fb_14	V29_WARM_JOIN=1 V29_WARM_FB=1 V17_R_RES=4 V26_STRASSEN=6 V26_STRASSEN_MIN=16 V32_JOIN_SMM=1 V32_ROT_SMM=1 V32_JOIN_POST=3 V32_JP_C=0.1 V21_R_OLD=320 V24_R_OLD2=192 V18_R_FB=2 V24_AGE_OLD2=8 V33_K4Q=3 V33_K4Q_RANK=4 V34_OPT=abcdefgj V33_SAT=-2.5 V35_SAT_ROUND=64 V35_SATC=1 V35_SKIP_JOIN_L2=1 V35_SB_MN=8 V35_CPRE_MN=8 V35_JN_MN=8 V52_FB_FOLD=1  SAVE_OUT=ofbc_14.npy python oracle_one.py 14 none none fb
fb_15	V29_WARM_JOIN=1 V29_WARM_FB=1 V17_R_RES=4 V26_STRASSEN=6 V26_STRASSEN_MIN=16 V32_JOIN_SMM=1 V32_ROT_SMM=1 V32_JOIN_POST=3 V32_JP_C=0.1 V21_R_OLD=320 V24_R_OLD2=192 V18_R_FB=2 V24_AGE_OLD2=8 V33_K4Q=3 V33_K4Q_RANK=4 V34_OPT=abcdefgj V33_SAT=-2.5 V35_SAT_ROUND=64 V35_SATC=1 V35_SKIP_JOIN_L2=1 V35_SB_MN=8 V35_CPRE_MN=8 V35_JN_MN=8 V52_FB_FOLD=1  SAVE_OUT=ofbc_15.npy python oracle_one.py 15 none none fb
k4s_0	V29_WARM_JOIN=1 V29_WARM_FB=1 V17_R_RES=4 V26_STRASSEN=6 V26_STRASSEN_MIN=16 V32_JOIN_SMM=1 V32_ROT_SMM=1 V32_JOIN_POST=3 V32_JP_C=0.1 V21_R_OLD=320 V24_R_OLD2=192 V18_R_FB=2 V24_AGE_OLD2=8 V33_K4Q=3 V33_K4Q_RANK=4 V34_OPT=abcdefgj V33_SAT=-2.5 V35_SAT_ROUND=64 V35_SATC=1 V35_SKIP_JOIN_L2=1 V35_SB_MN=8 V35_CPRE_MN=8 V35_JN_MN=8 V52_FB_FOLD=1 V55_K4STAR=1 V55_K4STAR_LOG=1 SAVE_OUT=ok4sc_0.npy python oracle_one.py 0 none none k4s
k4s_1	V29_WARM_JOIN=1 V29_WARM_FB=1 V17_R_RES=4 V26_STRASSEN=6 V26_STRASSEN_MIN=16 V32_JOIN_SMM=1 V32_ROT_SMM=1 V32_JOIN_POST=3 V32_JP_C=0.1 V21_R_OLD=320 V24_R_OLD2=192 V18_R_FB=2 V24_AGE_OLD2=8 V33_K4Q=3 V33_K4Q_RANK=4 V34_OPT=abcdefgj V33_SAT=-2.5 V35_SAT_ROUND=64 V35_SATC=1 V35_SKIP_JOIN_L2=1 V35_SB_MN=8 V35_CPRE_MN=8 V35_JN_MN=8 V52_FB_FOLD=1 V55_K4STAR=1 V55_K4STAR_LOG=1 SAVE_OUT=ok4sc_1.npy python oracle_one.py 1 none none k4s
k4s_2	V29_WARM_JOIN=1 V29_WARM_FB=1 V17_R_RES=4 V26_STRASSEN=6 V26_STRASSEN_MIN=16 V32_JOIN_SMM=1 V32_ROT_SMM=1 V32_JOIN_POST=3 V32_JP_C=0.1 V21_R_OLD=320 V24_R_OLD2=192 V18_R_FB=2 V24_AGE_OLD2=8 V33_K4Q=3 V33_K4Q_RANK=4 V34_OPT=abcdefgj V33_SAT=-2.5 V35_SAT_ROUND=64 V35_SATC=1 V35_SKIP_JOIN_L2=1 V35_SB_MN=8 V35_CPRE_MN=8 V35_JN_MN=8 V52_FB_FOLD=1 V55_K4STAR=1 V55_K4STAR_LOG=1 SAVE_OUT=ok4sc_2.npy python oracle_one.py 2 none none k4s
k4s_3	V29_WARM_JOIN=1 V29_WARM_FB=1 V17_R_RES=4 V26_STRASSEN=6 V26_STRASSEN_MIN=16 V32_JOIN_SMM=1 V32_ROT_SMM=1 V32_JOIN_POST=3 V32_JP_C=0.1 V21_R_OLD=320 V24_R_OLD2=192 V18_R_FB=2 V24_AGE_OLD2=8 V33_K4Q=3 V33_K4Q_RANK=4 V34_OPT=abcdefgj V33_SAT=-2.5 V35_SAT_ROUND=64 V35_SATC=1 V35_SKIP_JOIN_L2=1 V35_SB_MN=8 V35_CPRE_MN=8 V35_JN_MN=8 V52_FB_FOLD=1 V55_K4STAR=1 V55_K4STAR_LOG=1 SAVE_OUT=ok4sc_3.npy python oracle_one.py 3 none none k4s
k4s_4	V29_WARM_JOIN=1 V29_WARM_FB=1 V17_R_RES=4 V26_STRASSEN=6 V26_STRASSEN_MIN=16 V32_JOIN_SMM=1 V32_ROT_SMM=1 V32_JOIN_POST=3 V32_JP_C=0.1 V21_R_OLD=320 V24_R_OLD2=192 V18_R_FB=2 V24_AGE_OLD2=8 V33_K4Q=3 V33_K4Q_RANK=4 V34_OPT=abcdefgj V33_SAT=-2.5 V35_SAT_ROUND=64 V35_SATC=1 V35_SKIP_JOIN_L2=1 V35_SB_MN=8 V35_CPRE_MN=8 V35_JN_MN=8 V52_FB_FOLD=1 V55_K4STAR=1 V55_K4STAR_LOG=1 SAVE_OUT=ok4sc_4.npy python oracle_one.py 4 none none k4s
k4s_5	V29_WARM_JOIN=1 V29_WARM_FB=1 V17_R_RES=4 V26_STRASSEN=6 V26_STRASSEN_MIN=16 V32_JOIN_SMM=1 V32_ROT_SMM=1 V32_JOIN_POST=3 V32_JP_C=0.1 V21_R_OLD=320 V24_R_OLD2=192 V18_R_FB=2 V24_AGE_OLD2=8 V33_K4Q=3 V33_K4Q_RANK=4 V34_OPT=abcdefgj V33_SAT=-2.5 V35_SAT_ROUND=64 V35_SATC=1 V35_SKIP_JOIN_L2=1 V35_SB_MN=8 V35_CPRE_MN=8 V35_JN_MN=8 V52_FB_FOLD=1 V55_K4STAR=1 V55_K4STAR_LOG=1 SAVE_OUT=ok4sc_5.npy python oracle_one.py 5 none none k4s
k4s_6	V29_WARM_JOIN=1 V29_WARM_FB=1 V17_R_RES=4 V26_STRASSEN=6 V26_STRASSEN_MIN=16 V32_JOIN_SMM=1 V32_ROT_SMM=1 V32_JOIN_POST=3 V32_JP_C=0.1 V21_R_OLD=320 V24_R_OLD2=192 V18_R_FB=2 V24_AGE_OLD2=8 V33_K4Q=3 V33_K4Q_RANK=4 V34_OPT=abcdefgj V33_SAT=-2.5 V35_SAT_ROUND=64 V35_SATC=1 V35_SKIP_JOIN_L2=1 V35_SB_MN=8 V35_CPRE_MN=8 V35_JN_MN=8 V52_FB_FOLD=1 V55_K4STAR=1 V55_K4STAR_LOG=1 SAVE_OUT=ok4sc_6.npy python oracle_one.py 6 none none k4s
k4s_7	V29_WARM_JOIN=1 V29_WARM_FB=1 V17_R_RES=4 V26_STRASSEN=6 V26_STRASSEN_MIN=16 V32_JOIN_SMM=1 V32_ROT_SMM=1 V32_JOIN_POST=3 V32_JP_C=0.1 V21_R_OLD=320 V24_R_OLD2=192 V18_R_FB=2 V24_AGE_OLD2=8 V33_K4Q=3 V33_K4Q_RANK=4 V34_OPT=abcdefgj V33_SAT=-2.5 V35_SAT_ROUND=64 V35_SATC=1 V35_SKIP_JOIN_L2=1 V35_SB_MN=8 V35_CPRE_MN=8 V35_JN_MN=8 V52_FB_FOLD=1 V55_K4STAR=1 V55_K4STAR_LOG=1 SAVE_OUT=ok4sc_7.npy python oracle_one.py 7 none none k4s
k4s_8	V29_WARM_JOIN=1 V29_WARM_FB=1 V17_R_RES=4 V26_STRASSEN=6 V26_STRASSEN_MIN=16 V32_JOIN_SMM=1 V32_ROT_SMM=1 V32_JOIN_POST=3 V32_JP_C=0.1 V21_R_OLD=320 V24_R_OLD2=192 V18_R_FB=2 V24_AGE_OLD2=8 V33_K4Q=3 V33_K4Q_RANK=4 V34_OPT=abcdefgj V33_SAT=-2.5 V35_SAT_ROUND=64 V35_SATC=1 V35_SKIP_JOIN_L2=1 V35_SB_MN=8 V35_CPRE_MN=8 V35_JN_MN=8 V52_FB_FOLD=1 V55_K4STAR=1 V55_K4STAR_LOG=1 SAVE_OUT=ok4sc_8.npy python oracle_one.py 8 none none k4s
k4s_9	V29_WARM_JOIN=1 V29_WARM_FB=1 V17_R_RES=4 V26_STRASSEN=6 V26_STRASSEN_MIN=16 V32_JOIN_SMM=1 V32_ROT_SMM=1 V32_JOIN_POST=3 V32_JP_C=0.1 V21_R_OLD=320 V24_R_OLD2=192 V18_R_FB=2 V24_AGE_OLD2=8 V33_K4Q=3 V33_K4Q_RANK=4 V34_OPT=abcdefgj V33_SAT=-2.5 V35_SAT_ROUND=64 V35_SATC=1 V35_SKIP_JOIN_L2=1 V35_SB_MN=8 V35_CPRE_MN=8 V35_JN_MN=8 V52_FB_FOLD=1 V55_K4STAR=1 V55_K4STAR_LOG=1 SAVE_OUT=ok4sc_9.npy python oracle_one.py 9 none none k4s
k4s_10	V29_WARM_JOIN=1 V29_WARM_FB=1 V17_R_RES=4 V26_STRASSEN=6 V26_STRASSEN_MIN=16 V32_JOIN_SMM=1 V32_ROT_SMM=1 V32_JOIN_POST=3 V32_JP_C=0.1 V21_R_OLD=320 V24_R_OLD2=192 V18_R_FB=2 V24_AGE_OLD2=8 V33_K4Q=3 V33_K4Q_RANK=4 V34_OPT=abcdefgj V33_SAT=-2.5 V35_SAT_ROUND=64 V35_SATC=1 V35_SKIP_JOIN_L2=1 V35_SB_MN=8 V35_CPRE_MN=8 V35_JN_MN=8 V52_FB_FOLD=1 V55_K4STAR=1 V55_K4STAR_LOG=1 SAVE_OUT=ok4sc_10.npy python oracle_one.py 10 none none k4s
k4s_11	V29_WARM_JOIN=1 V29_WARM_FB=1 V17_R_RES=4 V26_STRASSEN=6 V26_STRASSEN_MIN=16 V32_JOIN_SMM=1 V32_ROT_SMM=1 V32_JOIN_POST=3 V32_JP_C=0.1 V21_R_OLD=320 V24_R_OLD2=192 V18_R_FB=2 V24_AGE_OLD2=8 V33_K4Q=3 V33_K4Q_RANK=4 V34_OPT=abcdefgj V33_SAT=-2.5 V35_SAT_ROUND=64 V35_SATC=1 V35_SKIP_JOIN_L2=1 V35_SB_MN=8 V35_CPRE_MN=8 V35_JN_MN=8 V52_FB_FOLD=1 V55_K4STAR=1 V55_K4STAR_LOG=1 SAVE_OUT=ok4sc_11.npy python oracle_one.py 11 none none k4s
k4s_12	V29_WARM_JOIN=1 V29_WARM_FB=1 V17_R_RES=4 V26_STRASSEN=6 V26_STRASSEN_MIN=16 V32_JOIN_SMM=1 V32_ROT_SMM=1 V32_JOIN_POST=3 V32_JP_C=0.1 V21_R_OLD=320 V24_R_OLD2=192 V18_R_FB=2 V24_AGE_OLD2=8 V33_K4Q=3 V33_K4Q_RANK=4 V34_OPT=abcdefgj V33_SAT=-2.5 V35_SAT_ROUND=64 V35_SATC=1 V35_SKIP_JOIN_L2=1 V35_SB_MN=8 V35_CPRE_MN=8 V35_JN_MN=8 V52_FB_FOLD=1 V55_K4STAR=1 V55_K4STAR_LOG=1 SAVE_OUT=ok4sc_12.npy python oracle_one.py 12 none none k4s
k4s_13	V29_WARM_JOIN=1 V29_WARM_FB=1 V17_R_RES=4 V26_STRASSEN=6 V26_STRASSEN_MIN=16 V32_JOIN_SMM=1 V32_ROT_SMM=1 V32_JOIN_POST=3 V32_JP_C=0.1 V21_R_OLD=320 V24_R_OLD2=192 V18_R_FB=2 V24_AGE_OLD2=8 V33_K4Q=3 V33_K4Q_RANK=4 V34_OPT=abcdefgj V33_SAT=-2.5 V35_SAT_ROUND=64 V35_SATC=1 V35_SKIP_JOIN_L2=1 V35_SB_MN=8 V35_CPRE_MN=8 V35_JN_MN=8 V52_FB_FOLD=1 V55_K4STAR=1 V55_K4STAR_LOG=1 SAVE_OUT=ok4sc_13.npy python oracle_one.py 13 none none k4s
k4s_14	V29_WARM_JOIN=1 V29_WARM_FB=1 V17_R_RES=4 V26_STRASSEN=6 V26_STRASSEN_MIN=16 V32_JOIN_SMM=1 V32_ROT_SMM=1 V32_JOIN_POST=3 V32_JP_C=0.1 V21_R_OLD=320 V24_R_OLD2=192 V18_R_FB=2 V24_AGE_OLD2=8 V33_K4Q=3 V33_K4Q_RANK=4 V34_OPT=abcdefgj V33_SAT=-2.5 V35_SAT_ROUND=64 V35_SATC=1 V35_SKIP_JOIN_L2=1 V35_SB_MN=8 V35_CPRE_MN=8 V35_JN_MN=8 V52_FB_FOLD=1 V55_K4STAR=1 V55_K4STAR_LOG=1 SAVE_OUT=ok4sc_14.npy python oracle_one.py 14 none none k4s
k4s_15	V29_WARM_JOIN=1 V29_WARM_FB=1 V17_R_RES=4 V26_STRASSEN=6 V26_STRASSEN_MIN=16 V32_JOIN_SMM=1 V32_ROT_SMM=1 V32_JOIN_POST=3 V32_JP_C=0.1 V21_R_OLD=320 V24_R_OLD2=192 V18_R_FB=2 V24_AGE_OLD2=8 V33_K4Q=3 V33_K4Q_RANK=4 V34_OPT=abcdefgj V33_SAT=-2.5 V35_SAT_ROUND=64 V35_SATC=1 V35_SKIP_JOIN_L2=1 V35_SB_MN=8 V35_CPRE_MN=8 V35_JN_MN=8 V52_FB_FOLD=1 V55_K4STAR=1 V55_K4STAR_LOG=1 SAVE_OUT=ok4sc_15.npy python oracle_one.py 15 none none k4s
o3y_0	V29_WARM_JOIN=1 V29_WARM_FB=1 V17_R_RES=4 V26_STRASSEN=6 V26_STRASSEN_MIN=16 V32_JOIN_SMM=1 V32_ROT_SMM=1 V32_JOIN_POST=3 V32_JP_C=0.1 V21_R_OLD=320 V24_R_OLD2=192 V18_R_FB=2 V24_AGE_OLD2=8 V33_K4Q=3 V33_K4Q_RANK=4 V34_OPT=abcdefgj V33_SAT=-2.5 V35_SAT_ROUND=64 V35_SATC=1 V35_SKIP_JOIN_L2=1 V35_SB_MN=8 V35_CPRE_MN=8 V35_JN_MN=8 V52_FB_FOLD=1 V54_OLD_D3=0 SAVE_OUT=oo3yc_0.npy python oracle_one.py 0 none none o3y
o3y_1	V29_WARM_JOIN=1 V29_WARM_FB=1 V17_R_RES=4 V26_STRASSEN=6 V26_STRASSEN_MIN=16 V32_JOIN_SMM=1 V32_ROT_SMM=1 V32_JOIN_POST=3 V32_JP_C=0.1 V21_R_OLD=320 V24_R_OLD2=192 V18_R_FB=2 V24_AGE_OLD2=8 V33_K4Q=3 V33_K4Q_RANK=4 V34_OPT=abcdefgj V33_SAT=-2.5 V35_SAT_ROUND=64 V35_SATC=1 V35_SKIP_JOIN_L2=1 V35_SB_MN=8 V35_CPRE_MN=8 V35_JN_MN=8 V52_FB_FOLD=1 V54_OLD_D3=0 SAVE_OUT=oo3yc_1.npy python oracle_one.py 1 none none o3y
o3y_2	V29_WARM_JOIN=1 V29_WARM_FB=1 V17_R_RES=4 V26_STRASSEN=6 V26_STRASSEN_MIN=16 V32_JOIN_SMM=1 V32_ROT_SMM=1 V32_JOIN_POST=3 V32_JP_C=0.1 V21_R_OLD=320 V24_R_OLD2=192 V18_R_FB=2 V24_AGE_OLD2=8 V33_K4Q=3 V33_K4Q_RANK=4 V34_OPT=abcdefgj V33_SAT=-2.5 V35_SAT_ROUND=64 V35_SATC=1 V35_SKIP_JOIN_L2=1 V35_SB_MN=8 V35_CPRE_MN=8 V35_JN_MN=8 V52_FB_FOLD=1 V54_OLD_D3=0 SAVE_OUT=oo3yc_2.npy python oracle_one.py 2 none none o3y
o3y_3	V29_WARM_JOIN=1 V29_WARM_FB=1 V17_R_RES=4 V26_STRASSEN=6 V26_STRASSEN_MIN=16 V32_JOIN_SMM=1 V32_ROT_SMM=1 V32_JOIN_POST=3 V32_JP_C=0.1 V21_R_OLD=320 V24_R_OLD2=192 V18_R_FB=2 V24_AGE_OLD2=8 V33_K4Q=3 V33_K4Q_RANK=4 V34_OPT=abcdefgj V33_SAT=-2.5 V35_SAT_ROUND=64 V35_SATC=1 V35_SKIP_JOIN_L2=1 V35_SB_MN=8 V35_CPRE_MN=8 V35_JN_MN=8 V52_FB_FOLD=1 V54_OLD_D3=0 SAVE_OUT=oo3yc_3.npy python oracle_one.py 3 none none o3y
o3y_4	V29_WARM_JOIN=1 V29_WARM_FB=1 V17_R_RES=4 V26_STRASSEN=6 V26_STRASSEN_MIN=16 V32_JOIN_SMM=1 V32_ROT_SMM=1 V32_JOIN_POST=3 V32_JP_C=0.1 V21_R_OLD=320 V24_R_OLD2=192 V18_R_FB=2 V24_AGE_OLD2=8 V33_K4Q=3 V33_K4Q_RANK=4 V34_OPT=abcdefgj V33_SAT=-2.5 V35_SAT_ROUND=64 V35_SATC=1 V35_SKIP_JOIN_L2=1 V35_SB_MN=8 V35_CPRE_MN=8 V35_JN_MN=8 V52_FB_FOLD=1 V54_OLD_D3=0 SAVE_OUT=oo3yc_4.npy python oracle_one.py 4 none none o3y
o3y_5	V29_WARM_JOIN=1 V29_WARM_FB=1 V17_R_RES=4 V26_STRASSEN=6 V26_STRASSEN_MIN=16 V32_JOIN_SMM=1 V32_ROT_SMM=1 V32_JOIN_POST=3 V32_JP_C=0.1 V21_R_OLD=320 V24_R_OLD2=192 V18_R_FB=2 V24_AGE_OLD2=8 V33_K4Q=3 V33_K4Q_RANK=4 V34_OPT=abcdefgj V33_SAT=-2.5 V35_SAT_ROUND=64 V35_SATC=1 V35_SKIP_JOIN_L2=1 V35_SB_MN=8 V35_CPRE_MN=8 V35_JN_MN=8 V52_FB_FOLD=1 V54_OLD_D3=0 SAVE_OUT=oo3yc_5.npy python oracle_one.py 5 none none o3y
o3y_6	V29_WARM_JOIN=1 V29_WARM_FB=1 V17_R_RES=4 V26_STRASSEN=6 V26_STRASSEN_MIN=16 V32_JOIN_SMM=1 V32_ROT_SMM=1 V32_JOIN_POST=3 V32_JP_C=0.1 V21_R_OLD=320 V24_R_OLD2=192 V18_R_FB=2 V24_AGE_OLD2=8 V33_K4Q=3 V33_K4Q_RANK=4 V34_OPT=abcdefgj V33_SAT=-2.5 V35_SAT_ROUND=64 V35_SATC=1 V35_SKIP_JOIN_L2=1 V35_SB_MN=8 V35_CPRE_MN=8 V35_JN_MN=8 V52_FB_FOLD=1 V54_OLD_D3=0 SAVE_OUT=oo3yc_6.npy python oracle_one.py 6 none none o3y
o3y_7	V29_WARM_JOIN=1 V29_WARM_FB=1 V17_R_RES=4 V26_STRASSEN=6 V26_STRASSEN_MIN=16 V32_JOIN_SMM=1 V32_ROT_SMM=1 V32_JOIN_POST=3 V32_JP_C=0.1 V21_R_OLD=320 V24_R_OLD2=192 V18_R_FB=2 V24_AGE_OLD2=8 V33_K4Q=3 V33_K4Q_RANK=4 V34_OPT=abcdefgj V33_SAT=-2.5 V35_SAT_ROUND=64 V35_SATC=1 V35_SKIP_JOIN_L2=1 V35_SB_MN=8 V35_CPRE_MN=8 V35_JN_MN=8 V52_FB_FOLD=1 V54_OLD_D3=0 SAVE_OUT=oo3yc_7.npy python oracle_one.py 7 none none o3y
o3y_8	V29_WARM_JOIN=1 V29_WARM_FB=1 V17_R_RES=4 V26_STRASSEN=6 V26_STRASSEN_MIN=16 V32_JOIN_SMM=1 V32_ROT_SMM=1 V32_JOIN_POST=3 V32_JP_C=0.1 V21_R_OLD=320 V24_R_OLD2=192 V18_R_FB=2 V24_AGE_OLD2=8 V33_K4Q=3 V33_K4Q_RANK=4 V34_OPT=abcdefgj V33_SAT=-2.5 V35_SAT_ROUND=64 V35_SATC=1 V35_SKIP_JOIN_L2=1 V35_SB_MN=8 V35_CPRE_MN=8 V35_JN_MN=8 V52_FB_FOLD=1 V54_OLD_D3=0 SAVE_OUT=oo3yc_8.npy python oracle_one.py 8 none none o3y
o3y_9	V29_WARM_JOIN=1 V29_WARM_FB=1 V17_R_RES=4 V26_STRASSEN=6 V26_STRASSEN_MIN=16 V32_JOIN_SMM=1 V32_ROT_SMM=1 V32_JOIN_POST=3 V32_JP_C=0.1 V21_R_OLD=320 V24_R_OLD2=192 V18_R_FB=2 V24_AGE_OLD2=8 V33_K4Q=3 V33_K4Q_RANK=4 V34_OPT=abcdefgj V33_SAT=-2.5 V35_SAT_ROUND=64 V35_SATC=1 V35_SKIP_JOIN_L2=1 V35_SB_MN=8 V35_CPRE_MN=8 V35_JN_MN=8 V52_FB_FOLD=1 V54_OLD_D3=0 SAVE_OUT=oo3yc_9.npy python oracle_one.py 9 none none o3y
o3y_10	V29_WARM_JOIN=1 V29_WARM_FB=1 V17_R_RES=4 V26_STRASSEN=6 V26_STRASSEN_MIN=16 V32_JOIN_SMM=1 V32_ROT_SMM=1 V32_JOIN_POST=3 V32_JP_C=0.1 V21_R_OLD=320 V24_R_OLD2=192 V18_R_FB=2 V24_AGE_OLD2=8 V33_K4Q=3 V33_K4Q_RANK=4 V34_OPT=abcdefgj V33_SAT=-2.5 V35_SAT_ROUND=64 V35_SATC=1 V35_SKIP_JOIN_L2=1 V35_SB_MN=8 V35_CPRE_MN=8 V35_JN_MN=8 V52_FB_FOLD=1 V54_OLD_D3=0 SAVE_OUT=oo3yc_10.npy python oracle_one.py 10 none none o3y
o3y_11	V29_WARM_JOIN=1 V29_WARM_FB=1 V17_R_RES=4 V26_STRASSEN=6 V26_STRASSEN_MIN=16 V32_JOIN_SMM=1 V32_ROT_SMM=1 V32_JOIN_POST=3 V32_JP_C=0.1 V21_R_OLD=320 V24_R_OLD2=192 V18_R_FB=2 V24_AGE_OLD2=8 V33_K4Q=3 V33_K4Q_RANK=4 V34_OPT=abcdefgj V33_SAT=-2.5 V35_SAT_ROUND=64 V35_SATC=1 V35_SKIP_JOIN_L2=1 V35_SB_MN=8 V35_CPRE_MN=8 V35_JN_MN=8 V52_FB_FOLD=1 V54_OLD_D3=0 SAVE_OUT=oo3yc_11.npy python oracle_one.py 11 none none o3y
o3y_12	V29_WARM_JOIN=1 V29_WARM_FB=1 V17_R_RES=4 V26_STRASSEN=6 V26_STRASSEN_MIN=16 V32_JOIN_SMM=1 V32_ROT_SMM=1 V32_JOIN_POST=3 V32_JP_C=0.1 V21_R_OLD=320 V24_R_OLD2=192 V18_R_FB=2 V24_AGE_OLD2=8 V33_K4Q=3 V33_K4Q_RANK=4 V34_OPT=abcdefgj V33_SAT=-2.5 V35_SAT_ROUND=64 V35_SATC=1 V35_SKIP_JOIN_L2=1 V35_SB_MN=8 V35_CPRE_MN=8 V35_JN_MN=8 V52_FB_FOLD=1 V54_OLD_D3=0 SAVE_OUT=oo3yc_12.npy python oracle_one.py 12 none none o3y
o3y_13	V29_WARM_JOIN=1 V29_WARM_FB=1 V17_R_RES=4 V26_STRASSEN=6 V26_STRASSEN_MIN=16 V32_JOIN_SMM=1 V32_ROT_SMM=1 V32_JOIN_POST=3 V32_JP_C=0.1 V21_R_OLD=320 V24_R_OLD2=192 V18_R_FB=2 V24_AGE_OLD2=8 V33_K4Q=3 V33_K4Q_RANK=4 V34_OPT=abcdefgj V33_SAT=-2.5 V35_SAT_ROUND=64 V35_SATC=1 V35_SKIP_JOIN_L2=1 V35_SB_MN=8 V35_CPRE_MN=8 V35_JN_MN=8 V52_FB_FOLD=1 V54_OLD_D3=0 SAVE_OUT=oo3yc_13.npy python oracle_one.py 13 none none o3y
o3y_14	V29_WARM_JOIN=1 V29_WARM_FB=1 V17_R_RES=4 V26_STRASSEN=6 V26_STRASSEN_MIN=16 V32_JOIN_SMM=1 V32_ROT_SMM=1 V32_JOIN_POST=3 V32_JP_C=0.1 V21_R_OLD=320 V24_R_OLD2=192 V18_R_FB=2 V24_AGE_OLD2=8 V33_K4Q=3 V33_K4Q_RANK=4 V34_OPT=abcdefgj V33_SAT=-2.5 V35_SAT_ROUND=64 V35_SATC=1 V35_SKIP_JOIN_L2=1 V35_SB_MN=8 V35_CPRE_MN=8 V35_JN_MN=8 V52_FB_FOLD=1 V54_OLD_D3=0 SAVE_OUT=oo3yc_14.npy python oracle_one.py 14 none none o3y
o3y_15	V29_WARM_JOIN=1 V29_WARM_FB=1 V17_R_RES=4 V26_STRASSEN=6 V26_STRASSEN_MIN=16 V32_JOIN_SMM=1 V32_ROT_SMM=1 V32_JOIN_POST=3 V32_JP_C=0.1 V21_R_OLD=320 V24_R_OLD2=192 V18_R_FB=2 V24_AGE_OLD2=8 V33_K4Q=3 V33_K4Q_RANK=4 V34_OPT=abcdefgj V33_SAT=-2.5 V35_SAT_ROUND=64 V35_SATC=1 V35_SKIP_JOIN_L2=1 V35_SB_MN=8 V35_CPRE_MN=8 V35_JN_MN=8 V52_FB_FOLD=1 V54_OLD_D3=0 SAVE_OUT=oo3yc_15.npy python oracle_one.py 15 none none o3y
td3_0	V29_WARM_JOIN=1 V29_WARM_FB=1 V17_R_RES=4 V26_STRASSEN=6 V26_STRASSEN_MIN=16 V32_JOIN_SMM=1 V32_ROT_SMM=1 V32_JOIN_POST=3 V32_JP_C=0.1 V21_R_OLD=320 V24_R_OLD2=192 V18_R_FB=2 V24_AGE_OLD2=8 V33_K4Q=3 V33_K4Q_RANK=4 V34_OPT=abcdefgj V33_SAT=-2.5 V35_SAT_ROUND=64 V35_SATC=1 V35_SKIP_JOIN_L2=1 V35_SB_MN=8 V35_CPRE_MN=8 V35_JN_MN=8 V52_FB_FOLD=1 V53_TADPOLE=2 SAVE_OUT=otd3c_0.npy python oracle_one.py 0 none none td3
td3_1	V29_WARM_JOIN=1 V29_WARM_FB=1 V17_R_RES=4 V26_STRASSEN=6 V26_STRASSEN_MIN=16 V32_JOIN_SMM=1 V32_ROT_SMM=1 V32_JOIN_POST=3 V32_JP_C=0.1 V21_R_OLD=320 V24_R_OLD2=192 V18_R_FB=2 V24_AGE_OLD2=8 V33_K4Q=3 V33_K4Q_RANK=4 V34_OPT=abcdefgj V33_SAT=-2.5 V35_SAT_ROUND=64 V35_SATC=1 V35_SKIP_JOIN_L2=1 V35_SB_MN=8 V35_CPRE_MN=8 V35_JN_MN=8 V52_FB_FOLD=1 V53_TADPOLE=2 SAVE_OUT=otd3c_1.npy python oracle_one.py 1 none none td3
td3_2	V29_WARM_JOIN=1 V29_WARM_FB=1 V17_R_RES=4 V26_STRASSEN=6 V26_STRASSEN_MIN=16 V32_JOIN_SMM=1 V32_ROT_SMM=1 V32_JOIN_POST=3 V32_JP_C=0.1 V21_R_OLD=320 V24_R_OLD2=192 V18_R_FB=2 V24_AGE_OLD2=8 V33_K4Q=3 V33_K4Q_RANK=4 V34_OPT=abcdefgj V33_SAT=-2.5 V35_SAT_ROUND=64 V35_SATC=1 V35_SKIP_JOIN_L2=1 V35_SB_MN=8 V35_CPRE_MN=8 V35_JN_MN=8 V52_FB_FOLD=1 V53_TADPOLE=2 SAVE_OUT=otd3c_2.npy python oracle_one.py 2 none none td3
td3_3	V29_WARM_JOIN=1 V29_WARM_FB=1 V17_R_RES=4 V26_STRASSEN=6 V26_STRASSEN_MIN=16 V32_JOIN_SMM=1 V32_ROT_SMM=1 V32_JOIN_POST=3 V32_JP_C=0.1 V21_R_OLD=320 V24_R_OLD2=192 V18_R_FB=2 V24_AGE_OLD2=8 V33_K4Q=3 V33_K4Q_RANK=4 V34_OPT=abcdefgj V33_SAT=-2.5 V35_SAT_ROUND=64 V35_SATC=1 V35_SKIP_JOIN_L2=1 V35_SB_MN=8 V35_CPRE_MN=8 V35_JN_MN=8 V52_FB_FOLD=1 V53_TADPOLE=2 SAVE_OUT=otd3c_3.npy python oracle_one.py 3 none none td3
td3_4	V29_WARM_JOIN=1 V29_WARM_FB=1 V17_R_RES=4 V26_STRASSEN=6 V26_STRASSEN_MIN=16 V32_JOIN_SMM=1 V32_ROT_SMM=1 V32_JOIN_POST=3 V32_JP_C=0.1 V21_R_OLD=320 V24_R_OLD2=192 V18_R_FB=2 V24_AGE_OLD2=8 V33_K4Q=3 V33_K4Q_RANK=4 V34_OPT=abcdefgj V33_SAT=-2.5 V35_SAT_ROUND=64 V35_SATC=1 V35_SKIP_JOIN_L2=1 V35_SB_MN=8 V35_CPRE_MN=8 V35_JN_MN=8 V52_FB_FOLD=1 V53_TADPOLE=2 SAVE_OUT=otd3c_4.npy python oracle_one.py 4 none none td3
td3_5	V29_WARM_JOIN=1 V29_WARM_FB=1 V17_R_RES=4 V26_STRASSEN=6 V26_STRASSEN_MIN=16 V32_JOIN_SMM=1 V32_ROT_SMM=1 V32_JOIN_POST=3 V32_JP_C=0.1 V21_R_OLD=320 V24_R_OLD2=192 V18_R_FB=2 V24_AGE_OLD2=8 V33_K4Q=3 V33_K4Q_RANK=4 V34_OPT=abcdefgj V33_SAT=-2.5 V35_SAT_ROUND=64 V35_SATC=1 V35_SKIP_JOIN_L2=1 V35_SB_MN=8 V35_CPRE_MN=8 V35_JN_MN=8 V52_FB_FOLD=1 V53_TADPOLE=2 SAVE_OUT=otd3c_5.npy python oracle_one.py 5 none none td3
td3_6	V29_WARM_JOIN=1 V29_WARM_FB=1 V17_R_RES=4 V26_STRASSEN=6 V26_STRASSEN_MIN=16 V32_JOIN_SMM=1 V32_ROT_SMM=1 V32_JOIN_POST=3 V32_JP_C=0.1 V21_R_OLD=320 V24_R_OLD2=192 V18_R_FB=2 V24_AGE_OLD2=8 V33_K4Q=3 V33_K4Q_RANK=4 V34_OPT=abcdefgj V33_SAT=-2.5 V35_SAT_ROUND=64 V35_SATC=1 V35_SKIP_JOIN_L2=1 V35_SB_MN=8 V35_CPRE_MN=8 V35_JN_MN=8 V52_FB_FOLD=1 V53_TADPOLE=2 SAVE_OUT=otd3c_6.npy python oracle_one.py 6 none none td3
td3_7	V29_WARM_JOIN=1 V29_WARM_FB=1 V17_R_RES=4 V26_STRASSEN=6 V26_STRASSEN_MIN=16 V32_JOIN_SMM=1 V32_ROT_SMM=1 V32_JOIN_POST=3 V32_JP_C=0.1 V21_R_OLD=320 V24_R_OLD2=192 V18_R_FB=2 V24_AGE_OLD2=8 V33_K4Q=3 V33_K4Q_RANK=4 V34_OPT=abcdefgj V33_SAT=-2.5 V35_SAT_ROUND=64 V35_SATC=1 V35_SKIP_JOIN_L2=1 V35_SB_MN=8 V35_CPRE_MN=8 V35_JN_MN=8 V52_FB_FOLD=1 V53_TADPOLE=2 SAVE_OUT=otd3c_7.npy python oracle_one.py 7 none none td3
td3_8	V29_WARM_JOIN=1 V29_WARM_FB=1 V17_R_RES=4 V26_STRASSEN=6 V26_STRASSEN_MIN=16 V32_JOIN_SMM=1 V32_ROT_SMM=1 V32_JOIN_POST=3 V32_JP_C=0.1 V21_R_OLD=320 V24_R_OLD2=192 V18_R_FB=2 V24_AGE_OLD2=8 V33_K4Q=3 V33_K4Q_RANK=4 V34_OPT=abcdefgj V33_SAT=-2.5 V35_SAT_ROUND=64 V35_SATC=1 V35_SKIP_JOIN_L2=1 V35_SB_MN=8 V35_CPRE_MN=8 V35_JN_MN=8 V52_FB_FOLD=1 V53_TADPOLE=2 SAVE_OUT=otd3c_8.npy python oracle_one.py 8 none none td3
td3_9	V29_WARM_JOIN=1 V29_WARM_FB=1 V17_R_RES=4 V26_STRASSEN=6 V26_STRASSEN_MIN=16 V32_JOIN_SMM=1 V32_ROT_SMM=1 V32_JOIN_POST=3 V32_JP_C=0.1 V21_R_OLD=320 V24_R_OLD2=192 V18_R_FB=2 V24_AGE_OLD2=8 V33_K4Q=3 V33_K4Q_RANK=4 V34_OPT=abcdefgj V33_SAT=-2.5 V35_SAT_ROUND=64 V35_SATC=1 V35_SKIP_JOIN_L2=1 V35_SB_MN=8 V35_CPRE_MN=8 V35_JN_MN=8 V52_FB_FOLD=1 V53_TADPOLE=2 SAVE_OUT=otd3c_9.npy python oracle_one.py 9 none none td3
td3_10	V29_WARM_JOIN=1 V29_WARM_FB=1 V17_R_RES=4 V26_STRASSEN=6 V26_STRASSEN_MIN=16 V32_JOIN_SMM=1 V32_ROT_SMM=1 V32_JOIN_POST=3 V32_JP_C=0.1 V21_R_OLD=320 V24_R_OLD2=192 V18_R_FB=2 V24_AGE_OLD2=8 V33_K4Q=3 V33_K4Q_RANK=4 V34_OPT=abcdefgj V33_SAT=-2.5 V35_SAT_ROUND=64 V35_SATC=1 V35_SKIP_JOIN_L2=1 V35_SB_MN=8 V35_CPRE_MN=8 V35_JN_MN=8 V52_FB_FOLD=1 V53_TADPOLE=2 SAVE_OUT=otd3c_10.npy python oracle_one.py 10 none none td3
td3_11	V29_WARM_JOIN=1 V29_WARM_FB=1 V17_R_RES=4 V26_STRASSEN=6 V26_STRASSEN_MIN=16 V32_JOIN_SMM=1 V32_ROT_SMM=1 V32_JOIN_POST=3 V32_JP_C=0.1 V21_R_OLD=320 V24_R_OLD2=192 V18_R_FB=2 V24_AGE_OLD2=8 V33_K4Q=3 V33_K4Q_RANK=4 V34_OPT=abcdefgj V33_SAT=-2.5 V35_SAT_ROUND=64 V35_SATC=1 V35_SKIP_JOIN_L2=1 V35_SB_MN=8 V35_CPRE_MN=8 V35_JN_MN=8 V52_FB_FOLD=1 V53_TADPOLE=2 SAVE_OUT=otd3c_11.npy python oracle_one.py 11 none none td3
td3_12	V29_WARM_JOIN=1 V29_WARM_FB=1 V17_R_RES=4 V26_STRASSEN=6 V26_STRASSEN_MIN=16 V32_JOIN_SMM=1 V32_ROT_SMM=1 V32_JOIN_POST=3 V32_JP_C=0.1 V21_R_OLD=320 V24_R_OLD2=192 V18_R_FB=2 V24_AGE_OLD2=8 V33_K4Q=3 V33_K4Q_RANK=4 V34_OPT=abcdefgj V33_SAT=-2.5 V35_SAT_ROUND=64 V35_SATC=1 V35_SKIP_JOIN_L2=1 V35_SB_MN=8 V35_CPRE_MN=8 V35_JN_MN=8 V52_FB_FOLD=1 V53_TADPOLE=2 SAVE_OUT=otd3c_12.npy python oracle_one.py 12 none none td3
td3_13	V29_WARM_JOIN=1 V29_WARM_FB=1 V17_R_RES=4 V26_STRASSEN=6 V26_STRASSEN_MIN=16 V32_JOIN_SMM=1 V32_ROT_SMM=1 V32_JOIN_POST=3 V32_JP_C=0.1 V21_R_OLD=320 V24_R_OLD2=192 V18_R_FB=2 V24_AGE_OLD2=8 V33_K4Q=3 V33_K4Q_RANK=4 V34_OPT=abcdefgj V33_SAT=-2.5 V35_SAT_ROUND=64 V35_SATC=1 V35_SKIP_JOIN_L2=1 V35_SB_MN=8 V35_CPRE_MN=8 V35_JN_MN=8 V52_FB_FOLD=1 V53_TADPOLE=2 SAVE_OUT=otd3c_13.npy python oracle_one.py 13 none none td3
td3_14	V29_WARM_JOIN=1 V29_WARM_FB=1 V17_R_RES=4 V26_STRASSEN=6 V26_STRASSEN_MIN=16 V32_JOIN_SMM=1 V32_ROT_SMM=1 V32_JOIN_POST=3 V32_JP_C=0.1 V21_R_OLD=320 V24_R_OLD2=192 V18_R_FB=2 V24_AGE_OLD2=8 V33_K4Q=3 V33_K4Q_RANK=4 V34_OPT=abcdefgj V33_SAT=-2.5 V35_SAT_ROUND=64 V35_SATC=1 V35_SKIP_JOIN_L2=1 V35_SB_MN=8 V35_CPRE_MN=8 V35_JN_MN=8 V52_FB_FOLD=1 V53_TADPOLE=2 SAVE_OUT=otd3c_14.npy python oracle_one.py 14 none none td3
td3_15	V29_WARM_JOIN=1 V29_WARM_FB=1 V17_R_RES=4 V26_STRASSEN=6 V26_STRASSEN_MIN=16 V32_JOIN_SMM=1 V32_ROT_SMM=1 V32_JOIN_POST=3 V32_JP_C=0.1 V21_R_OLD=320 V24_R_OLD2=192 V18_R_FB=2 V24_AGE_OLD2=8 V33_K4Q=3 V33_K4Q_RANK=4 V34_OPT=abcdefgj V33_SAT=-2.5 V35_SAT_ROUND=64 V35_SATC=1 V35_SKIP_JOIN_L2=1 V35_SB_MN=8 V35_CPRE_MN=8 V35_JN_MN=8 V52_FB_FOLD=1 V53_TADPOLE=2 SAVE_OUT=otd3c_15.npy python oracle_one.py 15 none none td3
