g0_0	python scripts/lap_probe.py net=0 kind=gauss seeds=0-15 h=0.02
g0_1	python scripts/lap_probe.py net=0 kind=gauss seeds=16-31 h=0.02
g0_2	python scripts/lap_probe.py net=0 kind=gauss seeds=32-47 h=0.02
g0_3	python scripts/lap_probe.py net=0 kind=gauss seeds=48-63 h=0.02
k0_0	python scripts/lap_probe.py net=0 kind=k3v3 seeds=0-3 h=0.02
k0_1	python scripts/lap_probe.py net=0 kind=k3v3 seeds=4-7 h=0.02
k0_2	python scripts/lap_probe.py net=0 kind=k3v3 seeds=8-11 h=0.02
k0_3	python scripts/lap_probe.py net=0 kind=k3v3 seeds=12-15 h=0.02
k0_4	python scripts/lap_probe.py net=0 kind=k3v3 seeds=16-19 h=0.02
k0_5	python scripts/lap_probe.py net=0 kind=k3v3 seeds=20-23 h=0.02
k0_6	python scripts/lap_probe.py net=0 kind=k3v3 seeds=24-27 h=0.02
k0_7	python scripts/lap_probe.py net=0 kind=k3v3 seeds=28-31 h=0.02
g1_0	python scripts/lap_probe.py net=1 kind=gauss seeds=0-15 h=0.02
g1_1	python scripts/lap_probe.py net=1 kind=gauss seeds=16-31 h=0.02
g1_2	python scripts/lap_probe.py net=1 kind=gauss seeds=32-47 h=0.02
g1_3	python scripts/lap_probe.py net=1 kind=gauss seeds=48-63 h=0.02
k1_0	python scripts/lap_probe.py net=1 kind=k3v3 seeds=0-3 h=0.02
k1_1	python scripts/lap_probe.py net=1 kind=k3v3 seeds=4-7 h=0.02
k1_2	python scripts/lap_probe.py net=1 kind=k3v3 seeds=8-11 h=0.02
k1_3	python scripts/lap_probe.py net=1 kind=k3v3 seeds=12-15 h=0.02
k1_4	python scripts/lap_probe.py net=1 kind=k3v3 seeds=16-19 h=0.02
k1_5	python scripts/lap_probe.py net=1 kind=k3v3 seeds=20-23 h=0.02
k1_6	python scripts/lap_probe.py net=1 kind=k3v3 seeds=24-27 h=0.02
k1_7	python scripts/lap_probe.py net=1 kind=k3v3 seeds=28-31 h=0.02
