p0_0	python scripts/lap_exact.py net=0 kind=kprop3 coords=0-7 h=0.02
p0_1	python scripts/lap_exact.py net=0 kind=kprop3 coords=8-15 h=0.02
p0_2	python scripts/lap_exact.py net=0 kind=kprop3 coords=16-23 h=0.02
p0_3	python scripts/lap_exact.py net=0 kind=kprop3 coords=24-31 h=0.02
p0_4	python scripts/lap_exact.py net=0 kind=kprop3 coords=32-39 h=0.02
p0_5	python scripts/lap_exact.py net=0 kind=kprop3 coords=40-47 h=0.02
p0_6	python scripts/lap_exact.py net=0 kind=kprop3 coords=48-55 h=0.02
p0_7	python scripts/lap_exact.py net=0 kind=kprop3 coords=56-63 h=0.02
p0_8	python scripts/lap_exact.py net=0 kind=kprop3 coords=64-71 h=0.02
p0_9	python scripts/lap_exact.py net=0 kind=kprop3 coords=72-79 h=0.02
p0_10	python scripts/lap_exact.py net=0 kind=kprop3 coords=80-87 h=0.02
p0_11	python scripts/lap_exact.py net=0 kind=kprop3 coords=88-95 h=0.02
p0_12	python scripts/lap_exact.py net=0 kind=kprop3 coords=96-103 h=0.02
p0_13	python scripts/lap_exact.py net=0 kind=kprop3 coords=104-111 h=0.02
p0_14	python scripts/lap_exact.py net=0 kind=kprop3 coords=112-119 h=0.02
p0_15	python scripts/lap_exact.py net=0 kind=kprop3 coords=120-127 h=0.02
p0_16	python scripts/lap_exact.py net=0 kind=kprop3 coords=128-135 h=0.02
p0_17	python scripts/lap_exact.py net=0 kind=kprop3 coords=136-143 h=0.02
p0_18	python scripts/lap_exact.py net=0 kind=kprop3 coords=144-151 h=0.02
p0_19	python scripts/lap_exact.py net=0 kind=kprop3 coords=152-159 h=0.02
p0_20	python scripts/lap_exact.py net=0 kind=kprop3 coords=160-167 h=0.02
p0_21	python scripts/lap_exact.py net=0 kind=kprop3 coords=168-175 h=0.02
p0_22	python scripts/lap_exact.py net=0 kind=kprop3 coords=176-183 h=0.02
p0_23	python scripts/lap_exact.py net=0 kind=kprop3 coords=184-191 h=0.02
p0_24	python scripts/lap_exact.py net=0 kind=kprop3 coords=192-199 h=0.02
p0_25	python scripts/lap_exact.py net=0 kind=kprop3 coords=200-207 h=0.02
p0_26	python scripts/lap_exact.py net=0 kind=kprop3 coords=208-215 h=0.02
p0_27	python scripts/lap_exact.py net=0 kind=kprop3 coords=216-223 h=0.02
p0_28	python scripts/lap_exact.py net=0 kind=kprop3 coords=224-231 h=0.02
p0_29	python scripts/lap_exact.py net=0 kind=kprop3 coords=232-239 h=0.02
p0_30	python scripts/lap_exact.py net=0 kind=kprop3 coords=240-247 h=0.02
p0_31	python scripts/lap_exact.py net=0 kind=kprop3 coords=248-255 h=0.02
p0_32	python scripts/lap_exact.py net=0 kind=kprop3 coords=256-263 h=0.02
p0_33	python scripts/lap_exact.py net=0 kind=kprop3 coords=264-271 h=0.02
p0_34	python scripts/lap_exact.py net=0 kind=kprop3 coords=272-279 h=0.02
p0_35	python scripts/lap_exact.py net=0 kind=kprop3 coords=280-287 h=0.02
p0_36	python scripts/lap_exact.py net=0 kind=kprop3 coords=288-295 h=0.02
p0_37	python scripts/lap_exact.py net=0 kind=kprop3 coords=296-303 h=0.02
p0_38	python scripts/lap_exact.py net=0 kind=kprop3 coords=304-311 h=0.02
p0_39	python scripts/lap_exact.py net=0 kind=kprop3 coords=312-319 h=0.02
p0_40	python scripts/lap_exact.py net=0 kind=kprop3 coords=320-327 h=0.02
p0_41	python scripts/lap_exact.py net=0 kind=kprop3 coords=328-335 h=0.02
p0_42	python scripts/lap_exact.py net=0 kind=kprop3 coords=336-343 h=0.02
p0_43	python scripts/lap_exact.py net=0 kind=kprop3 coords=344-351 h=0.02
p0_44	python scripts/lap_exact.py net=0 kind=kprop3 coords=352-359 h=0.02
p0_45	python scripts/lap_exact.py net=0 kind=kprop3 coords=360-367 h=0.02
p0_46	python scripts/lap_exact.py net=0 kind=kprop3 coords=368-375 h=0.02
p0_47	python scripts/lap_exact.py net=0 kind=kprop3 coords=376-383 h=0.02
p0_48	python scripts/lap_exact.py net=0 kind=kprop3 coords=384-391 h=0.02
p0_49	python scripts/lap_exact.py net=0 kind=kprop3 coords=392-399 h=0.02
p0_50	python scripts/lap_exact.py net=0 kind=kprop3 coords=400-407 h=0.02
p0_51	python scripts/lap_exact.py net=0 kind=kprop3 coords=408-415 h=0.02
p0_52	python scripts/lap_exact.py net=0 kind=kprop3 coords=416-423 h=0.02
p0_53	python scripts/lap_exact.py net=0 kind=kprop3 coords=424-431 h=0.02
p0_54	python scripts/lap_exact.py net=0 kind=kprop3 coords=432-439 h=0.02
p0_55	python scripts/lap_exact.py net=0 kind=kprop3 coords=440-447 h=0.02
p0_56	python scripts/lap_exact.py net=0 kind=kprop3 coords=448-455 h=0.02
p0_57	python scripts/lap_exact.py net=0 kind=kprop3 coords=456-463 h=0.02
p0_58	python scripts/lap_exact.py net=0 kind=kprop3 coords=464-471 h=0.02
p0_59	python scripts/lap_exact.py net=0 kind=kprop3 coords=472-479 h=0.02
p0_60	python scripts/lap_exact.py net=0 kind=kprop3 coords=480-487 h=0.02
p0_61	python scripts/lap_exact.py net=0 kind=kprop3 coords=488-495 h=0.02
p0_62	python scripts/lap_exact.py net=0 kind=kprop3 coords=496-503 h=0.02
p0_63	python scripts/lap_exact.py net=0 kind=kprop3 coords=504-511 h=0.02
p0_64	python scripts/lap_exact.py net=0 kind=kprop3 coords=512-519 h=0.02
p0_65	python scripts/lap_exact.py net=0 kind=kprop3 coords=520-527 h=0.02
p0_66	python scripts/lap_exact.py net=0 kind=kprop3 coords=528-535 h=0.02
p0_67	python scripts/lap_exact.py net=0 kind=kprop3 coords=536-543 h=0.02
p0_68	python scripts/lap_exact.py net=0 kind=kprop3 coords=544-551 h=0.02
p0_69	python scripts/lap_exact.py net=0 kind=kprop3 coords=552-559 h=0.02
p0_70	python scripts/lap_exact.py net=0 kind=kprop3 coords=560-567 h=0.02
p0_71	python scripts/lap_exact.py net=0 kind=kprop3 coords=568-575 h=0.02
p0_72	python scripts/lap_exact.py net=0 kind=kprop3 coords=576-583 h=0.02
p0_73	python scripts/lap_exact.py net=0 kind=kprop3 coords=584-591 h=0.02
p0_74	python scripts/lap_exact.py net=0 kind=kprop3 coords=592-599 h=0.02
p0_75	python scripts/lap_exact.py net=0 kind=kprop3 coords=600-607 h=0.02
p0_76	python scripts/lap_exact.py net=0 kind=kprop3 coords=608-615 h=0.02
p0_77	python scripts/lap_exact.py net=0 kind=kprop3 coords=616-623 h=0.02
p0_78	python scripts/lap_exact.py net=0 kind=kprop3 coords=624-631 h=0.02
p0_79	python scripts/lap_exact.py net=0 kind=kprop3 coords=632-639 h=0.02
p0_80	python scripts/lap_exact.py net=0 kind=kprop3 coords=640-647 h=0.02
p0_81	python scripts/lap_exact.py net=0 kind=kprop3 coords=648-655 h=0.02
p0_82	python scripts/lap_exact.py net=0 kind=kprop3 coords=656-663 h=0.02
p0_83	python scripts/lap_exact.py net=0 kind=kprop3 coords=664-671 h=0.02
p0_84	python scripts/lap_exact.py net=0 kind=kprop3 coords=672-679 h=0.02
p0_85	python scripts/lap_exact.py net=0 kind=kprop3 coords=680-687 h=0.02
p0_86	python scripts/lap_exact.py net=0 kind=kprop3 coords=688-695 h=0.02
p0_87	python scripts/lap_exact.py net=0 kind=kprop3 coords=696-703 h=0.02
p0_88	python scripts/lap_exact.py net=0 kind=kprop3 coords=704-711 h=0.02
p0_89	python scripts/lap_exact.py net=0 kind=kprop3 coords=712-719 h=0.02
p0_90	python scripts/lap_exact.py net=0 kind=kprop3 coords=720-727 h=0.02
p0_91	python scripts/lap_exact.py net=0 kind=kprop3 coords=728-735 h=0.02
p0_92	python scripts/lap_exact.py net=0 kind=kprop3 coords=736-743 h=0.02
p0_93	python scripts/lap_exact.py net=0 kind=kprop3 coords=744-751 h=0.02
p0_94	python scripts/lap_exact.py net=0 kind=kprop3 coords=752-759 h=0.02
p0_95	python scripts/lap_exact.py net=0 kind=kprop3 coords=760-767 h=0.02
p0_96	python scripts/lap_exact.py net=0 kind=kprop3 coords=768-775 h=0.02
p0_97	python scripts/lap_exact.py net=0 kind=kprop3 coords=776-783 h=0.02
p0_98	python scripts/lap_exact.py net=0 kind=kprop3 coords=784-791 h=0.02
p0_99	python scripts/lap_exact.py net=0 kind=kprop3 coords=792-799 h=0.02
p0_100	python scripts/lap_exact.py net=0 kind=kprop3 coords=800-807 h=0.02
p0_101	python scripts/lap_exact.py net=0 kind=kprop3 coords=808-815 h=0.02
p0_102	python scripts/lap_exact.py net=0 kind=kprop3 coords=816-823 h=0.02
p0_103	python scripts/lap_exact.py net=0 kind=kprop3 coords=824-831 h=0.02
p0_104	python scripts/lap_exact.py net=0 kind=kprop3 coords=832-839 h=0.02
p0_105	python scripts/lap_exact.py net=0 kind=kprop3 coords=840-847 h=0.02
p0_106	python scripts/lap_exact.py net=0 kind=kprop3 coords=848-855 h=0.02
p0_107	python scripts/lap_exact.py net=0 kind=kprop3 coords=856-863 h=0.02
p0_108	python scripts/lap_exact.py net=0 kind=kprop3 coords=864-871 h=0.02
p0_109	python scripts/lap_exact.py net=0 kind=kprop3 coords=872-879 h=0.02
p0_110	python scripts/lap_exact.py net=0 kind=kprop3 coords=880-887 h=0.02
p0_111	python scripts/lap_exact.py net=0 kind=kprop3 coords=888-895 h=0.02
p0_112	python scripts/lap_exact.py net=0 kind=kprop3 coords=896-903 h=0.02
p0_113	python scripts/lap_exact.py net=0 kind=kprop3 coords=904-911 h=0.02
p0_114	python scripts/lap_exact.py net=0 kind=kprop3 coords=912-919 h=0.02
p0_115	python scripts/lap_exact.py net=0 kind=kprop3 coords=920-927 h=0.02
p0_116	python scripts/lap_exact.py net=0 kind=kprop3 coords=928-935 h=0.02
p0_117	python scripts/lap_exact.py net=0 kind=kprop3 coords=936-943 h=0.02
p0_118	python scripts/lap_exact.py net=0 kind=kprop3 coords=944-951 h=0.02
p0_119	python scripts/lap_exact.py net=0 kind=kprop3 coords=952-959 h=0.02
p0_120	python scripts/lap_exact.py net=0 kind=kprop3 coords=960-967 h=0.02
p0_121	python scripts/lap_exact.py net=0 kind=kprop3 coords=968-975 h=0.02
p0_122	python scripts/lap_exact.py net=0 kind=kprop3 coords=976-983 h=0.02
p0_123	python scripts/lap_exact.py net=0 kind=kprop3 coords=984-991 h=0.02
p0_124	python scripts/lap_exact.py net=0 kind=kprop3 coords=992-999 h=0.02
p0_125	python scripts/lap_exact.py net=0 kind=kprop3 coords=1000-1007 h=0.02
p0_126	python scripts/lap_exact.py net=0 kind=kprop3 coords=1008-1015 h=0.02
p0_127	python scripts/lap_exact.py net=0 kind=kprop3 coords=1016-1023 h=0.02
g1_0	python scripts/lap_exact.py net=1 kind=gauss coords=0-31 h=0.02
g1_1	python scripts/lap_exact.py net=1 kind=gauss coords=32-63 h=0.02
g1_2	python scripts/lap_exact.py net=1 kind=gauss coords=64-95 h=0.02
g1_3	python scripts/lap_exact.py net=1 kind=gauss coords=96-127 h=0.02
g1_4	python scripts/lap_exact.py net=1 kind=gauss coords=128-159 h=0.02
g1_5	python scripts/lap_exact.py net=1 kind=gauss coords=160-191 h=0.02
g1_6	python scripts/lap_exact.py net=1 kind=gauss coords=192-223 h=0.02
g1_7	python scripts/lap_exact.py net=1 kind=gauss coords=224-255 h=0.02
g1_8	python scripts/lap_exact.py net=1 kind=gauss coords=256-287 h=0.02
g1_9	python scripts/lap_exact.py net=1 kind=gauss coords=288-319 h=0.02
g1_10	python scripts/lap_exact.py net=1 kind=gauss coords=320-351 h=0.02
g1_11	python scripts/lap_exact.py net=1 kind=gauss coords=352-383 h=0.02
g1_12	python scripts/lap_exact.py net=1 kind=gauss coords=384-415 h=0.02
g1_13	python scripts/lap_exact.py net=1 kind=gauss coords=416-447 h=0.02
g1_14	python scripts/lap_exact.py net=1 kind=gauss coords=448-479 h=0.02
g1_15	python scripts/lap_exact.py net=1 kind=gauss coords=480-511 h=0.02
g1_16	python scripts/lap_exact.py net=1 kind=gauss coords=512-543 h=0.02
g1_17	python scripts/lap_exact.py net=1 kind=gauss coords=544-575 h=0.02
g1_18	python scripts/lap_exact.py net=1 kind=gauss coords=576-607 h=0.02
g1_19	python scripts/lap_exact.py net=1 kind=gauss coords=608-639 h=0.02
g1_20	python scripts/lap_exact.py net=1 kind=gauss coords=640-671 h=0.02
g1_21	python scripts/lap_exact.py net=1 kind=gauss coords=672-703 h=0.02
g1_22	python scripts/lap_exact.py net=1 kind=gauss coords=704-735 h=0.02
g1_23	python scripts/lap_exact.py net=1 kind=gauss coords=736-767 h=0.02
g1_24	python scripts/lap_exact.py net=1 kind=gauss coords=768-799 h=0.02
g1_25	python scripts/lap_exact.py net=1 kind=gauss coords=800-831 h=0.02
g1_26	python scripts/lap_exact.py net=1 kind=gauss coords=832-863 h=0.02
g1_27	python scripts/lap_exact.py net=1 kind=gauss coords=864-895 h=0.02
g1_28	python scripts/lap_exact.py net=1 kind=gauss coords=896-927 h=0.02
g1_29	python scripts/lap_exact.py net=1 kind=gauss coords=928-959 h=0.02
g1_30	python scripts/lap_exact.py net=1 kind=gauss coords=960-991 h=0.02
g1_31	python scripts/lap_exact.py net=1 kind=gauss coords=992-1023 h=0.02
