nc_0	V29_WARM_JOIN=1 V29_WARM_FB=1 V17_R_RES=4 V26_STRASSEN=6 V26_STRASSEN_MIN=16 V32_JOIN_SMM=1 V32_ROT_SMM=1 V32_JOIN_POST=3 V32_JP_C=0.1 V21_R_OLD=320 V24_R_OLD2=192 V18_R_FB=2 V24_AGE_OLD2=8 V33_K4Q=3 V33_K4Q_RANK=4 V34_OPT=abcdefgj V33_SAT=-2.5 V35_SAT_ROUND=64 V35_SATC=1 V35_SKIP_JOIN_L2=1 V35_SB_MN=8 V35_CPRE_MN=8 V35_JN_MN=8 V52_FB_FOLD=1 V21_NO_CONFINE=1  SAVE_OUT=onc_0.npy python oracle_one.py 0 none none nc
m2fit_0	V29_WARM_JOIN=1 V29_WARM_FB=1 V17_R_RES=4 V26_STRASSEN=6 V26_STRASSEN_MIN=16 V32_JOIN_SMM=1 V32_ROT_SMM=1 V32_JOIN_POST=3 V32_JP_C=0.1 V21_R_OLD=320 V24_R_OLD2=192 V18_R_FB=2 V24_AGE_OLD2=8 V33_K4Q=3 V33_K4Q_RANK=4 V34_OPT=abcdefgj V33_SAT=-2.5 V35_SAT_ROUND=64 V35_SATC=1 V35_SKIP_JOIN_L2=1 V35_SB_MN=8 V35_CPRE_MN=8 V35_JN_MN=8 V52_FB_FOLD=1 V21_NO_CONFINE=1 V56_P4=2 V56_A=1.15 V56_B=0.7 SAVE_OUT=om2fit_0.npy python oracle_one.py 0 none none m2fit
m2der_0	V29_WARM_JOIN=1 V29_WARM_FB=1 V17_R_RES=4 V26_STRASSEN=6 V26_STRASSEN_MIN=16 V32_JOIN_SMM=1 V32_ROT_SMM=1 V32_JOIN_POST=3 V32_JP_C=0.1 V21_R_OLD=320 V24_R_OLD2=192 V18_R_FB=2 V24_AGE_OLD2=8 V33_K4Q=3 V33_K4Q_RANK=4 V34_OPT=abcdefgj V33_SAT=-2.5 V35_SAT_ROUND=64 V35_SATC=1 V35_SKIP_JOIN_L2=1 V35_SB_MN=8 V35_CPRE_MN=8 V35_JN_MN=8 V52_FB_FOLD=1 V21_NO_CONFINE=1 V56_P4=2 V56_A=1 V56_B=1 SAVE_OUT=om2der_0.npy python oracle_one.py 0 none none m2der
m1fit_0	V29_WARM_JOIN=1 V29_WARM_FB=1 V17_R_RES=4 V26_STRASSEN=6 V26_STRASSEN_MIN=16 V32_JOIN_SMM=1 V32_ROT_SMM=1 V32_JOIN_POST=3 V32_JP_C=0.1 V21_R_OLD=320 V24_R_OLD2=192 V18_R_FB=2 V24_AGE_OLD2=8 V33_K4Q=3 V33_K4Q_RANK=4 V34_OPT=abcdefgj V33_SAT=-2.5 V35_SAT_ROUND=64 V35_SATC=1 V35_SKIP_JOIN_L2=1 V35_SB_MN=8 V35_CPRE_MN=8 V35_JN_MN=8 V52_FB_FOLD=1 V21_NO_CONFINE=1 V56_P4=1 V56_A=1.15 V56_B=0.7 SAVE_OUT=om1fit_0.npy python oracle_one.py 0 none none m1fit
m2path_0	V29_WARM_JOIN=1 V29_WARM_FB=1 V17_R_RES=4 V26_STRASSEN=6 V26_STRASSEN_MIN=16 V32_JOIN_SMM=1 V32_ROT_SMM=1 V32_JOIN_POST=3 V32_JP_C=0.1 V21_R_OLD=320 V24_R_OLD2=192 V18_R_FB=2 V24_AGE_OLD2=8 V33_K4Q=3 V33_K4Q_RANK=4 V34_OPT=abcdefgj V33_SAT=-2.5 V35_SAT_ROUND=64 V35_SATC=1 V35_SKIP_JOIN_L2=1 V35_SB_MN=8 V35_CPRE_MN=8 V35_JN_MN=8 V52_FB_FOLD=1 V21_NO_CONFINE=1 V56_P4=2 V56_A=1.15 V56_B=0 SAVE_OUT=om2path_0.npy python oracle_one.py 0 none none m2path
m2star_0	V29_WARM_JOIN=1 V29_WARM_FB=1 V17_R_RES=4 V26_STRASSEN=6 V26_STRASSEN_MIN=16 V32_JOIN_SMM=1 V32_ROT_SMM=1 V32_JOIN_POST=3 V32_JP_C=0.1 V21_R_OLD=320 V24_R_OLD2=192 V18_R_FB=2 V24_AGE_OLD2=8 V33_K4Q=3 V33_K4Q_RANK=4 V34_OPT=abcdefgj V33_SAT=-2.5 V35_SAT_ROUND=64 V35_SATC=1 V35_SKIP_JOIN_L2=1 V35_SB_MN=8 V35_CPRE_MN=8 V35_JN_MN=8 V52_FB_FOLD=1 V21_NO_CONFINE=1 V56_P4=2 V56_A=0 V56_B=0.7 SAVE_OUT=om2star_0.npy python oracle_one.py 0 none none m2star
a1_0	V29_WARM_JOIN=1 V29_WARM_FB=1 V17_R_RES=4 V26_STRASSEN=6 V26_STRASSEN_MIN=16 V32_JOIN_SMM=1 V32_ROT_SMM=1 V32_JOIN_POST=3 V32_JP_C=0.1 V21_R_OLD=320 V24_R_OLD2=192 V18_R_FB=2 V24_AGE_OLD2=8 V33_K4Q=3 V33_K4Q_RANK=4 V34_OPT=abcdefgj V33_SAT=-2.5 V35_SAT_ROUND=64 V35_SATC=1 V35_SKIP_JOIN_L2=1 V35_SB_MN=8 V35_CPRE_MN=8 V35_JN_MN=8 V52_FB_FOLD=1 V21_NO_CONFINE=1 V56_P4=2 V56_A=1.15 V56_B=0.7 V56_LMIN=3 V56_LAST=0 SAVE_OUT=oa1_0.npy python oracle_one.py 0 none none a1
a2_0	V29_WARM_JOIN=1 V29_WARM_FB=1 V17_R_RES=4 V26_STRASSEN=6 V26_STRASSEN_MIN=16 V32_JOIN_SMM=1 V32_ROT_SMM=1 V32_JOIN_POST=3 V32_JP_C=0.1 V21_R_OLD=320 V24_R_OLD2=192 V18_R_FB=2 V24_AGE_OLD2=8 V33_K4Q=3 V33_K4Q_RANK=4 V34_OPT=abcdefgj V33_SAT=-2.5 V35_SAT_ROUND=64 V35_SATC=1 V35_SKIP_JOIN_L2=1 V35_SB_MN=8 V35_CPRE_MN=8 V35_JN_MN=8 V52_FB_FOLD=1 V21_NO_CONFINE=1 V56_P4=2 V56_A=1.15 V56_B=0.7 V56_LMIN=3 V56_LAST=2 SAVE_OUT=oa2_0.npy python oracle_one.py 0 none none a2
a3_0	V29_WARM_JOIN=1 V29_WARM_FB=1 V17_R_RES=4 V26_STRASSEN=6 V26_STRASSEN_MIN=16 V32_JOIN_SMM=1 V32_ROT_SMM=1 V32_JOIN_POST=3 V32_JP_C=0.1 V21_R_OLD=320 V24_R_OLD2=192 V18_R_FB=2 V24_AGE_OLD2=8 V33_K4Q=3 V33_K4Q_RANK=4 V34_OPT=abcdefgj V33_SAT=-2.5 V35_SAT_ROUND=64 V35_SATC=1 V35_SKIP_JOIN_L2=1 V35_SB_MN=8 V35_CPRE_MN=8 V35_JN_MN=8 V52_FB_FOLD=1 V21_NO_CONFINE=1 V56_P4=2 V56_A=1 V56_B=1 V56_LMIN=3 V56_LAST=2 SAVE_OUT=oa3_0.npy python oracle_one.py 0 none none a3
a4_0	V29_WARM_JOIN=1 V29_WARM_FB=1 V17_R_RES=4 V26_STRASSEN=6 V26_STRASSEN_MIN=16 V32_JOIN_SMM=1 V32_ROT_SMM=1 V32_JOIN_POST=3 V32_JP_C=0.1 V21_R_OLD=320 V24_R_OLD2=192 V18_R_FB=2 V24_AGE_OLD2=8 V33_K4Q=3 V33_K4Q_RANK=4 V34_OPT=abcdefgj V33_SAT=-2.5 V35_SAT_ROUND=64 V35_SATC=1 V35_SKIP_JOIN_L2=1 V35_SB_MN=8 V35_CPRE_MN=8 V35_JN_MN=8 V52_FB_FOLD=1 V21_NO_CONFINE=1 V56_P4=2 V56_A=1.15 V56_B=0 V56_LMIN=3 V56_LAST=2 SAVE_OUT=oa4_0.npy python oracle_one.py 0 none none a4
nc_1	V29_WARM_JOIN=1 V29_WARM_FB=1 V17_R_RES=4 V26_STRASSEN=6 V26_STRASSEN_MIN=16 V32_JOIN_SMM=1 V32_ROT_SMM=1 V32_JOIN_POST=3 V32_JP_C=0.1 V21_R_OLD=320 V24_R_OLD2=192 V18_R_FB=2 V24_AGE_OLD2=8 V33_K4Q=3 V33_K4Q_RANK=4 V34_OPT=abcdefgj V33_SAT=-2.5 V35_SAT_ROUND=64 V35_SATC=1 V35_SKIP_JOIN_L2=1 V35_SB_MN=8 V35_CPRE_MN=8 V35_JN_MN=8 V52_FB_FOLD=1 V21_NO_CONFINE=1  SAVE_OUT=onc_1.npy python oracle_one.py 1 none none nc
m2fit_1	V29_WARM_JOIN=1 V29_WARM_FB=1 V17_R_RES=4 V26_STRASSEN=6 V26_STRASSEN_MIN=16 V32_JOIN_SMM=1 V32_ROT_SMM=1 V32_JOIN_POST=3 V32_JP_C=0.1 V21_R_OLD=320 V24_R_OLD2=192 V18_R_FB=2 V24_AGE_OLD2=8 V33_K4Q=3 V33_K4Q_RANK=4 V34_OPT=abcdefgj V33_SAT=-2.5 V35_SAT_ROUND=64 V35_SATC=1 V35_SKIP_JOIN_L2=1 V35_SB_MN=8 V35_CPRE_MN=8 V35_JN_MN=8 V52_FB_FOLD=1 V21_NO_CONFINE=1 V56_P4=2 V56_A=1.15 V56_B=0.7 SAVE_OUT=om2fit_1.npy python oracle_one.py 1 none none m2fit
m2der_1	V29_WARM_JOIN=1 V29_WARM_FB=1 V17_R_RES=4 V26_STRASSEN=6 V26_STRASSEN_MIN=16 V32_JOIN_SMM=1 V32_ROT_SMM=1 V32_JOIN_POST=3 V32_JP_C=0.1 V21_R_OLD=320 V24_R_OLD2=192 V18_R_FB=2 V24_AGE_OLD2=8 V33_K4Q=3 V33_K4Q_RANK=4 V34_OPT=abcdefgj V33_SAT=-2.5 V35_SAT_ROUND=64 V35_SATC=1 V35_SKIP_JOIN_L2=1 V35_SB_MN=8 V35_CPRE_MN=8 V35_JN_MN=8 V52_FB_FOLD=1 V21_NO_CONFINE=1 V56_P4=2 V56_A=1 V56_B=1 SAVE_OUT=om2der_1.npy python oracle_one.py 1 none none m2der
m1fit_1	V29_WARM_JOIN=1 V29_WARM_FB=1 V17_R_RES=4 V26_STRASSEN=6 V26_STRASSEN_MIN=16 V32_JOIN_SMM=1 V32_ROT_SMM=1 V32_JOIN_POST=3 V32_JP_C=0.1 V21_R_OLD=320 V24_R_OLD2=192 V18_R_FB=2 V24_AGE_OLD2=8 V33_K4Q=3 V33_K4Q_RANK=4 V34_OPT=abcdefgj V33_SAT=-2.5 V35_SAT_ROUND=64 V35_SATC=1 V35_SKIP_JOIN_L2=1 V35_SB_MN=8 V35_CPRE_MN=8 V35_JN_MN=8 V52_FB_FOLD=1 V21_NO_CONFINE=1 V56_P4=1 V56_A=1.15 V56_B=0.7 SAVE_OUT=om1fit_1.npy python oracle_one.py 1 none none m1fit
m2path_1	V29_WARM_JOIN=1 V29_WARM_FB=1 V17_R_RES=4 V26_STRASSEN=6 V26_STRASSEN_MIN=16 V32_JOIN_SMM=1 V32_ROT_SMM=1 V32_JOIN_POST=3 V32_JP_C=0.1 V21_R_OLD=320 V24_R_OLD2=192 V18_R_FB=2 V24_AGE_OLD2=8 V33_K4Q=3 V33_K4Q_RANK=4 V34_OPT=abcdefgj V33_SAT=-2.5 V35_SAT_ROUND=64 V35_SATC=1 V35_SKIP_JOIN_L2=1 V35_SB_MN=8 V35_CPRE_MN=8 V35_JN_MN=8 V52_FB_FOLD=1 V21_NO_CONFINE=1 V56_P4=2 V56_A=1.15 V56_B=0 SAVE_OUT=om2path_1.npy python oracle_one.py 1 none none m2path
m2star_1	V29_WARM_JOIN=1 V29_WARM_FB=1 V17_R_RES=4 V26_STRASSEN=6 V26_STRASSEN_MIN=16 V32_JOIN_SMM=1 V32_ROT_SMM=1 V32_JOIN_POST=3 V32_JP_C=0.1 V21_R_OLD=320 V24_R_OLD2=192 V18_R_FB=2 V24_AGE_OLD2=8 V33_K4Q=3 V33_K4Q_RANK=4 V34_OPT=abcdefgj V33_SAT=-2.5 V35_SAT_ROUND=64 V35_SATC=1 V35_SKIP_JOIN_L2=1 V35_SB_MN=8 V35_CPRE_MN=8 V35_JN_MN=8 V52_FB_FOLD=1 V21_NO_CONFINE=1 V56_P4=2 V56_A=0 V56_B=0.7 SAVE_OUT=om2star_1.npy python oracle_one.py 1 none none m2star
a1_1	V29_WARM_JOIN=1 V29_WARM_FB=1 V17_R_RES=4 V26_STRASSEN=6 V26_STRASSEN_MIN=16 V32_JOIN_SMM=1 V32_ROT_SMM=1 V32_JOIN_POST=3 V32_JP_C=0.1 V21_R_OLD=320 V24_R_OLD2=192 V18_R_FB=2 V24_AGE_OLD2=8 V33_K4Q=3 V33_K4Q_RANK=4 V34_OPT=abcdefgj V33_SAT=-2.5 V35_SAT_ROUND=64 V35_SATC=1 V35_SKIP_JOIN_L2=1 V35_SB_MN=8 V35_CPRE_MN=8 V35_JN_MN=8 V52_FB_FOLD=1 V21_NO_CONFINE=1 V56_P4=2 V56_A=1.15 V56_B=0.7 V56_LMIN=3 V56_LAST=0 SAVE_OUT=oa1_1.npy python oracle_one.py 1 none none a1
a2_1	V29_WARM_JOIN=1 V29_WARM_FB=1 V17_R_RES=4 V26_STRASSEN=6 V26_STRASSEN_MIN=16 V32_JOIN_SMM=1 V32_ROT_SMM=1 V32_JOIN_POST=3 V32_JP_C=0.1 V21_R_OLD=320 V24_R_OLD2=192 V18_R_FB=2 V24_AGE_OLD2=8 V33_K4Q=3 V33_K4Q_RANK=4 V34_OPT=abcdefgj V33_SAT=-2.5 V35_SAT_ROUND=64 V35_SATC=1 V35_SKIP_JOIN_L2=1 V35_SB_MN=8 V35_CPRE_MN=8 V35_JN_MN=8 V52_FB_FOLD=1 V21_NO_CONFINE=1 V56_P4=2 V56_A=1.15 V56_B=0.7 V56_LMIN=3 V56_LAST=2 SAVE_OUT=oa2_1.npy python oracle_one.py 1 none none a2
a3_1	V29_WARM_JOIN=1 V29_WARM_FB=1 V17_R_RES=4 V26_STRASSEN=6 V26_STRASSEN_MIN=16 V32_JOIN_SMM=1 V32_ROT_SMM=1 V32_JOIN_POST=3 V32_JP_C=0.1 V21_R_OLD=320 V24_R_OLD2=192 V18_R_FB=2 V24_AGE_OLD2=8 V33_K4Q=3 V33_K4Q_RANK=4 V34_OPT=abcdefgj V33_SAT=-2.5 V35_SAT_ROUND=64 V35_SATC=1 V35_SKIP_JOIN_L2=1 V35_SB_MN=8 V35_CPRE_MN=8 V35_JN_MN=8 V52_FB_FOLD=1 V21_NO_CONFINE=1 V56_P4=2 V56_A=1 V56_B=1 V56_LMIN=3 V56_LAST=2 SAVE_OUT=oa3_1.npy python oracle_one.py 1 none none a3
a4_1	V29_WARM_JOIN=1 V29_WARM_FB=1 V17_R_RES=4 V26_STRASSEN=6 V26_STRASSEN_MIN=16 V32_JOIN_SMM=1 V32_ROT_SMM=1 V32_JOIN_POST=3 V32_JP_C=0.1 V21_R_OLD=320 V24_R_OLD2=192 V18_R_FB=2 V24_AGE_OLD2=8 V33_K4Q=3 V33_K4Q_RANK=4 V34_OPT=abcdefgj V33_SAT=-2.5 V35_SAT_ROUND=64 V35_SATC=1 V35_SKIP_JOIN_L2=1 V35_SB_MN=8 V35_CPRE_MN=8 V35_JN_MN=8 V52_FB_FOLD=1 V21_NO_CONFINE=1 V56_P4=2 V56_A=1.15 V56_B=0 V56_LMIN=3 V56_LAST=2 SAVE_OUT=oa4_1.npy python oracle_one.py 1 none none a4
nc_2	V29_WARM_JOIN=1 V29_WARM_FB=1 V17_R_RES=4 V26_STRASSEN=6 V26_STRASSEN_MIN=16 V32_JOIN_SMM=1 V32_ROT_SMM=1 V32_JOIN_POST=3 V32_JP_C=0.1 V21_R_OLD=320 V24_R_OLD2=192 V18_R_FB=2 V24_AGE_OLD2=8 V33_K4Q=3 V33_K4Q_RANK=4 V34_OPT=abcdefgj V33_SAT=-2.5 V35_SAT_ROUND=64 V35_SATC=1 V35_SKIP_JOIN_L2=1 V35_SB_MN=8 V35_CPRE_MN=8 V35_JN_MN=8 V52_FB_FOLD=1 V21_NO_CONFINE=1  SAVE_OUT=onc_2.npy python oracle_one.py 2 none none nc
m2fit_2	V29_WARM_JOIN=1 V29_WARM_FB=1 V17_R_RES=4 V26_STRASSEN=6 V26_STRASSEN_MIN=16 V32_JOIN_SMM=1 V32_ROT_SMM=1 V32_JOIN_POST=3 V32_JP_C=0.1 V21_R_OLD=320 V24_R_OLD2=192 V18_R_FB=2 V24_AGE_OLD2=8 V33_K4Q=3 V33_K4Q_RANK=4 V34_OPT=abcdefgj V33_SAT=-2.5 V35_SAT_ROUND=64 V35_SATC=1 V35_SKIP_JOIN_L2=1 V35_SB_MN=8 V35_CPRE_MN=8 V35_JN_MN=8 V52_FB_FOLD=1 V21_NO_CONFINE=1 V56_P4=2 V56_A=1.15 V56_B=0.7 SAVE_OUT=om2fit_2.npy python oracle_one.py 2 none none m2fit
m2der_2	V29_WARM_JOIN=1 V29_WARM_FB=1 V17_R_RES=4 V26_STRASSEN=6 V26_STRASSEN_MIN=16 V32_JOIN_SMM=1 V32_ROT_SMM=1 V32_JOIN_POST=3 V32_JP_C=0.1 V21_R_OLD=320 V24_R_OLD2=192 V18_R_FB=2 V24_AGE_OLD2=8 V33_K4Q=3 V33_K4Q_RANK=4 V34_OPT=abcdefgj V33_SAT=-2.5 V35_SAT_ROUND=64 V35_SATC=1 V35_SKIP_JOIN_L2=1 V35_SB_MN=8 V35_CPRE_MN=8 V35_JN_MN=8 V52_FB_FOLD=1 V21_NO_CONFINE=1 V56_P4=2 V56_A=1 V56_B=1 SAVE_OUT=om2der_2.npy python oracle_one.py 2 none none m2der
m1fit_2	V29_WARM_JOIN=1 V29_WARM_FB=1 V17_R_RES=4 V26_STRASSEN=6 V26_STRASSEN_MIN=16 V32_JOIN_SMM=1 V32_ROT_SMM=1 V32_JOIN_POST=3 V32_JP_C=0.1 V21_R_OLD=320 V24_R_OLD2=192 V18_R_FB=2 V24_AGE_OLD2=8 V33_K4Q=3 V33_K4Q_RANK=4 V34_OPT=abcdefgj V33_SAT=-2.5 V35_SAT_ROUND=64 V35_SATC=1 V35_SKIP_JOIN_L2=1 V35_SB_MN=8 V35_CPRE_MN=8 V35_JN_MN=8 V52_FB_FOLD=1 V21_NO_CONFINE=1 V56_P4=1 V56_A=1.15 V56_B=0.7 SAVE_OUT=om1fit_2.npy python oracle_one.py 2 none none m1fit
m2path_2	V29_WARM_JOIN=1 V29_WARM_FB=1 V17_R_RES=4 V26_STRASSEN=6 V26_STRASSEN_MIN=16 V32_JOIN_SMM=1 V32_ROT_SMM=1 V32_JOIN_POST=3 V32_JP_C=0.1 V21_R_OLD=320 V24_R_OLD2=192 V18_R_FB=2 V24_AGE_OLD2=8 V33_K4Q=3 V33_K4Q_RANK=4 V34_OPT=abcdefgj V33_SAT=-2.5 V35_SAT_ROUND=64 V35_SATC=1 V35_SKIP_JOIN_L2=1 V35_SB_MN=8 V35_CPRE_MN=8 V35_JN_MN=8 V52_FB_FOLD=1 V21_NO_CONFINE=1 V56_P4=2 V56_A=1.15 V56_B=0 SAVE_OUT=om2path_2.npy python oracle_one.py 2 none none m2path
m2star_2	V29_WARM_JOIN=1 V29_WARM_FB=1 V17_R_RES=4 V26_STRASSEN=6 V26_STRASSEN_MIN=16 V32_JOIN_SMM=1 V32_ROT_SMM=1 V32_JOIN_POST=3 V32_JP_C=0.1 V21_R_OLD=320 V24_R_OLD2=192 V18_R_FB=2 V24_AGE_OLD2=8 V33_K4Q=3 V33_K4Q_RANK=4 V34_OPT=abcdefgj V33_SAT=-2.5 V35_SAT_ROUND=64 V35_SATC=1 V35_SKIP_JOIN_L2=1 V35_SB_MN=8 V35_CPRE_MN=8 V35_JN_MN=8 V52_FB_FOLD=1 V21_NO_CONFINE=1 V56_P4=2 V56_A=0 V56_B=0.7 SAVE_OUT=om2star_2.npy python oracle_one.py 2 none none m2star
a1_2	V29_WARM_JOIN=1 V29_WARM_FB=1 V17_R_RES=4 V26_STRASSEN=6 V26_STRASSEN_MIN=16 V32_JOIN_SMM=1 V32_ROT_SMM=1 V32_JOIN_POST=3 V32_JP_C=0.1 V21_R_OLD=320 V24_R_OLD2=192 V18_R_FB=2 V24_AGE_OLD2=8 V33_K4Q=3 V33_K4Q_RANK=4 V34_OPT=abcdefgj V33_SAT=-2.5 V35_SAT_ROUND=64 V35_SATC=1 V35_SKIP_JOIN_L2=1 V35_SB_MN=8 V35_CPRE_MN=8 V35_JN_MN=8 V52_FB_FOLD=1 V21_NO_CONFINE=1 V56_P4=2 V56_A=1.15 V56_B=0.7 V56_LMIN=3 V56_LAST=0 SAVE_OUT=oa1_2.npy python oracle_one.py 2 none none a1
a2_2	V29_WARM_JOIN=1 V29_WARM_FB=1 V17_R_RES=4 V26_STRASSEN=6 V26_STRASSEN_MIN=16 V32_JOIN_SMM=1 V32_ROT_SMM=1 V32_JOIN_POST=3 V32_JP_C=0.1 V21_R_OLD=320 V24_R_OLD2=192 V18_R_FB=2 V24_AGE_OLD2=8 V33_K4Q=3 V33_K4Q_RANK=4 V34_OPT=abcdefgj V33_SAT=-2.5 V35_SAT_ROUND=64 V35_SATC=1 V35_SKIP_JOIN_L2=1 V35_SB_MN=8 V35_CPRE_MN=8 V35_JN_MN=8 V52_FB_FOLD=1 V21_NO_CONFINE=1 V56_P4=2 V56_A=1.15 V56_B=0.7 V56_LMIN=3 V56_LAST=2 SAVE_OUT=oa2_2.npy python oracle_one.py 2 none none a2
a3_2	V29_WARM_JOIN=1 V29_WARM_FB=1 V17_R_RES=4 V26_STRASSEN=6 V26_STRASSEN_MIN=16 V32_JOIN_SMM=1 V32_ROT_SMM=1 V32_JOIN_POST=3 V32_JP_C=0.1 V21_R_OLD=320 V24_R_OLD2=192 V18_R_FB=2 V24_AGE_OLD2=8 V33_K4Q=3 V33_K4Q_RANK=4 V34_OPT=abcdefgj V33_SAT=-2.5 V35_SAT_ROUND=64 V35_SATC=1 V35_SKIP_JOIN_L2=1 V35_SB_MN=8 V35_CPRE_MN=8 V35_JN_MN=8 V52_FB_FOLD=1 V21_NO_CONFINE=1 V56_P4=2 V56_A=1 V56_B=1 V56_LMIN=3 V56_LAST=2 SAVE_OUT=oa3_2.npy python oracle_one.py 2 none none a3
a4_2	V29_WARM_JOIN=1 V29_WARM_FB=1 V17_R_RES=4 V26_STRASSEN=6 V26_STRASSEN_MIN=16 V32_JOIN_SMM=1 V32_ROT_SMM=1 V32_JOIN_POST=3 V32_JP_C=0.1 V21_R_OLD=320 V24_R_OLD2=192 V18_R_FB=2 V24_AGE_OLD2=8 V33_K4Q=3 V33_K4Q_RANK=4 V34_OPT=abcdefgj V33_SAT=-2.5 V35_SAT_ROUND=64 V35_SATC=1 V35_SKIP_JOIN_L2=1 V35_SB_MN=8 V35_CPRE_MN=8 V35_JN_MN=8 V52_FB_FOLD=1 V21_NO_CONFINE=1 V56_P4=2 V56_A=1.15 V56_B=0 V56_LMIN=3 V56_LAST=2 SAVE_OUT=oa4_2.npy python oracle_one.py 2 none none a4
nc_3	V29_WARM_JOIN=1 V29_WARM_FB=1 V17_R_RES=4 V26_STRASSEN=6 V26_STRASSEN_MIN=16 V32_JOIN_SMM=1 V32_ROT_SMM=1 V32_JOIN_POST=3 V32_JP_C=0.1 V21_R_OLD=320 V24_R_OLD2=192 V18_R_FB=2 V24_AGE_OLD2=8 V33_K4Q=3 V33_K4Q_RANK=4 V34_OPT=abcdefgj V33_SAT=-2.5 V35_SAT_ROUND=64 V35_SATC=1 V35_SKIP_JOIN_L2=1 V35_SB_MN=8 V35_CPRE_MN=8 V35_JN_MN=8 V52_FB_FOLD=1 V21_NO_CONFINE=1  SAVE_OUT=onc_3.npy python oracle_one.py 3 none none nc
m2fit_3	V29_WARM_JOIN=1 V29_WARM_FB=1 V17_R_RES=4 V26_STRASSEN=6 V26_STRASSEN_MIN=16 V32_JOIN_SMM=1 V32_ROT_SMM=1 V32_JOIN_POST=3 V32_JP_C=0.1 V21_R_OLD=320 V24_R_OLD2=192 V18_R_FB=2 V24_AGE_OLD2=8 V33_K4Q=3 V33_K4Q_RANK=4 V34_OPT=abcdefgj V33_SAT=-2.5 V35_SAT_ROUND=64 V35_SATC=1 V35_SKIP_JOIN_L2=1 V35_SB_MN=8 V35_CPRE_MN=8 V35_JN_MN=8 V52_FB_FOLD=1 V21_NO_CONFINE=1 V56_P4=2 V56_A=1.15 V56_B=0.7 SAVE_OUT=om2fit_3.npy python oracle_one.py 3 none none m2fit
m2der_3	V29_WARM_JOIN=1 V29_WARM_FB=1 V17_R_RES=4 V26_STRASSEN=6 V26_STRASSEN_MIN=16 V32_JOIN_SMM=1 V32_ROT_SMM=1 V32_JOIN_POST=3 V32_JP_C=0.1 V21_R_OLD=320 V24_R_OLD2=192 V18_R_FB=2 V24_AGE_OLD2=8 V33_K4Q=3 V33_K4Q_RANK=4 V34_OPT=abcdefgj V33_SAT=-2.5 V35_SAT_ROUND=64 V35_SATC=1 V35_SKIP_JOIN_L2=1 V35_SB_MN=8 V35_CPRE_MN=8 V35_JN_MN=8 V52_FB_FOLD=1 V21_NO_CONFINE=1 V56_P4=2 V56_A=1 V56_B=1 SAVE_OUT=om2der_3.npy python oracle_one.py 3 none none m2der
m1fit_3	V29_WARM_JOIN=1 V29_WARM_FB=1 V17_R_RES=4 V26_STRASSEN=6 V26_STRASSEN_MIN=16 V32_JOIN_SMM=1 V32_ROT_SMM=1 V32_JOIN_POST=3 V32_JP_C=0.1 V21_R_OLD=320 V24_R_OLD2=192 V18_R_FB=2 V24_AGE_OLD2=8 V33_K4Q=3 V33_K4Q_RANK=4 V34_OPT=abcdefgj V33_SAT=-2.5 V35_SAT_ROUND=64 V35_SATC=1 V35_SKIP_JOIN_L2=1 V35_SB_MN=8 V35_CPRE_MN=8 V35_JN_MN=8 V52_FB_FOLD=1 V21_NO_CONFINE=1 V56_P4=1 V56_A=1.15 V56_B=0.7 SAVE_OUT=om1fit_3.npy python oracle_one.py 3 none none m1fit
m2path_3	V29_WARM_JOIN=1 V29_WARM_FB=1 V17_R_RES=4 V26_STRASSEN=6 V26_STRASSEN_MIN=16 V32_JOIN_SMM=1 V32_ROT_SMM=1 V32_JOIN_POST=3 V32_JP_C=0.1 V21_R_OLD=320 V24_R_OLD2=192 V18_R_FB=2 V24_AGE_OLD2=8 V33_K4Q=3 V33_K4Q_RANK=4 V34_OPT=abcdefgj V33_SAT=-2.5 V35_SAT_ROUND=64 V35_SATC=1 V35_SKIP_JOIN_L2=1 V35_SB_MN=8 V35_CPRE_MN=8 V35_JN_MN=8 V52_FB_FOLD=1 V21_NO_CONFINE=1 V56_P4=2 V56_A=1.15 V56_B=0 SAVE_OUT=om2path_3.npy python oracle_one.py 3 none none m2path
m2star_3	V29_WARM_JOIN=1 V29_WARM_FB=1 V17_R_RES=4 V26_STRASSEN=6 V26_STRASSEN_MIN=16 V32_JOIN_SMM=1 V32_ROT_SMM=1 V32_JOIN_POST=3 V32_JP_C=0.1 V21_R_OLD=320 V24_R_OLD2=192 V18_R_FB=2 V24_AGE_OLD2=8 V33_K4Q=3 V33_K4Q_RANK=4 V34_OPT=abcdefgj V33_SAT=-2.5 V35_SAT_ROUND=64 V35_SATC=1 V35_SKIP_JOIN_L2=1 V35_SB_MN=8 V35_CPRE_MN=8 V35_JN_MN=8 V52_FB_FOLD=1 V21_NO_CONFINE=1 V56_P4=2 V56_A=0 V56_B=0.7 SAVE_OUT=om2star_3.npy python oracle_one.py 3 none none m2star
a1_3	V29_WARM_JOIN=1 V29_WARM_FB=1 V17_R_RES=4 V26_STRASSEN=6 V26_STRASSEN_MIN=16 V32_JOIN_SMM=1 V32_ROT_SMM=1 V32_JOIN_POST=3 V32_JP_C=0.1 V21_R_OLD=320 V24_R_OLD2=192 V18_R_FB=2 V24_AGE_OLD2=8 V33_K4Q=3 V33_K4Q_RANK=4 V34_OPT=abcdefgj V33_SAT=-2.5 V35_SAT_ROUND=64 V35_SATC=1 V35_SKIP_JOIN_L2=1 V35_SB_MN=8 V35_CPRE_MN=8 V35_JN_MN=8 V52_FB_FOLD=1 V21_NO_CONFINE=1 V56_P4=2 V56_A=1.15 V56_B=0.7 V56_LMIN=3 V56_LAST=0 SAVE_OUT=oa1_3.npy python oracle_one.py 3 none none a1
a2_3	V29_WARM_JOIN=1 V29_WARM_FB=1 V17_R_RES=4 V26_STRASSEN=6 V26_STRASSEN_MIN=16 V32_JOIN_SMM=1 V32_ROT_SMM=1 V32_JOIN_POST=3 V32_JP_C=0.1 V21_R_OLD=320 V24_R_OLD2=192 V18_R_FB=2 V24_AGE_OLD2=8 V33_K4Q=3 V33_K4Q_RANK=4 V34_OPT=abcdefgj V33_SAT=-2.5 V35_SAT_ROUND=64 V35_SATC=1 V35_SKIP_JOIN_L2=1 V35_SB_MN=8 V35_CPRE_MN=8 V35_JN_MN=8 V52_FB_FOLD=1 V21_NO_CONFINE=1 V56_P4=2 V56_A=1.15 V56_B=0.7 V56_LMIN=3 V56_LAST=2 SAVE_OUT=oa2_3.npy python oracle_one.py 3 none none a2
a3_3	V29_WARM_JOIN=1 V29_WARM_FB=1 V17_R_RES=4 V26_STRASSEN=6 V26_STRASSEN_MIN=16 V32_JOIN_SMM=1 V32_ROT_SMM=1 V32_JOIN_POST=3 V32_JP_C=0.1 V21_R_OLD=320 V24_R_OLD2=192 V18_R_FB=2 V24_AGE_OLD2=8 V33_K4Q=3 V33_K4Q_RANK=4 V34_OPT=abcdefgj V33_SAT=-2.5 V35_SAT_ROUND=64 V35_SATC=1 V35_SKIP_JOIN_L2=1 V35_SB_MN=8 V35_CPRE_MN=8 V35_JN_MN=8 V52_FB_FOLD=1 V21_NO_CONFINE=1 V56_P4=2 V56_A=1 V56_B=1 V56_LMIN=3 V56_LAST=2 SAVE_OUT=oa3_3.npy python oracle_one.py 3 none none a3
a4_3	V29_WARM_JOIN=1 V29_WARM_FB=1 V17_R_RES=4 V26_STRASSEN=6 V26_STRASSEN_MIN=16 V32_JOIN_SMM=1 V32_ROT_SMM=1 V32_JOIN_POST=3 V32_JP_C=0.1 V21_R_OLD=320 V24_R_OLD2=192 V18_R_FB=2 V24_AGE_OLD2=8 V33_K4Q=3 V33_K4Q_RANK=4 V34_OPT=abcdefgj V33_SAT=-2.5 V35_SAT_ROUND=64 V35_SATC=1 V35_SKIP_JOIN_L2=1 V35_SB_MN=8 V35_CPRE_MN=8 V35_JN_MN=8 V52_FB_FOLD=1 V21_NO_CONFINE=1 V56_P4=2 V56_A=1.15 V56_B=0 V56_LMIN=3 V56_LAST=2 SAVE_OUT=oa4_3.npy python oracle_one.py 3 none none a4
nc_4	V29_WARM_JOIN=1 V29_WARM_FB=1 V17_R_RES=4 V26_STRASSEN=6 V26_STRASSEN_MIN=16 V32_JOIN_SMM=1 V32_ROT_SMM=1 V32_JOIN_POST=3 V32_JP_C=0.1 V21_R_OLD=320 V24_R_OLD2=192 V18_R_FB=2 V24_AGE_OLD2=8 V33_K4Q=3 V33_K4Q_RANK=4 V34_OPT=abcdefgj V33_SAT=-2.5 V35_SAT_ROUND=64 V35_SATC=1 V35_SKIP_JOIN_L2=1 V35_SB_MN=8 V35_CPRE_MN=8 V35_JN_MN=8 V52_FB_FOLD=1 V21_NO_CONFINE=1  SAVE_OUT=onc_4.npy python oracle_one.py 4 none none nc
m2fit_4	V29_WARM_JOIN=1 V29_WARM_FB=1 V17_R_RES=4 V26_STRASSEN=6 V26_STRASSEN_MIN=16 V32_JOIN_SMM=1 V32_ROT_SMM=1 V32_JOIN_POST=3 V32_JP_C=0.1 V21_R_OLD=320 V24_R_OLD2=192 V18_R_FB=2 V24_AGE_OLD2=8 V33_K4Q=3 V33_K4Q_RANK=4 V34_OPT=abcdefgj V33_SAT=-2.5 V35_SAT_ROUND=64 V35_SATC=1 V35_SKIP_JOIN_L2=1 V35_SB_MN=8 V35_CPRE_MN=8 V35_JN_MN=8 V52_FB_FOLD=1 V21_NO_CONFINE=1 V56_P4=2 V56_A=1.15 V56_B=0.7 SAVE_OUT=om2fit_4.npy python oracle_one.py 4 none none m2fit
m2der_4	V29_WARM_JOIN=1 V29_WARM_FB=1 V17_R_RES=4 V26_STRASSEN=6 V26_STRASSEN_MIN=16 V32_JOIN_SMM=1 V32_ROT_SMM=1 V32_JOIN_POST=3 V32_JP_C=0.1 V21_R_OLD=320 V24_R_OLD2=192 V18_R_FB=2 V24_AGE_OLD2=8 V33_K4Q=3 V33_K4Q_RANK=4 V34_OPT=abcdefgj V33_SAT=-2.5 V35_SAT_ROUND=64 V35_SATC=1 V35_SKIP_JOIN_L2=1 V35_SB_MN=8 V35_CPRE_MN=8 V35_JN_MN=8 V52_FB_FOLD=1 V21_NO_CONFINE=1 V56_P4=2 V56_A=1 V56_B=1 SAVE_OUT=om2der_4.npy python oracle_one.py 4 none none m2der
m1fit_4	V29_WARM_JOIN=1 V29_WARM_FB=1 V17_R_RES=4 V26_STRASSEN=6 V26_STRASSEN_MIN=16 V32_JOIN_SMM=1 V32_ROT_SMM=1 V32_JOIN_POST=3 V32_JP_C=0.1 V21_R_OLD=320 V24_R_OLD2=192 V18_R_FB=2 V24_AGE_OLD2=8 V33_K4Q=3 V33_K4Q_RANK=4 V34_OPT=abcdefgj V33_SAT=-2.5 V35_SAT_ROUND=64 V35_SATC=1 V35_SKIP_JOIN_L2=1 V35_SB_MN=8 V35_CPRE_MN=8 V35_JN_MN=8 V52_FB_FOLD=1 V21_NO_CONFINE=1 V56_P4=1 V56_A=1.15 V56_B=0.7 SAVE_OUT=om1fit_4.npy python oracle_one.py 4 none none m1fit
m2path_4	V29_WARM_JOIN=1 V29_WARM_FB=1 V17_R_RES=4 V26_STRASSEN=6 V26_STRASSEN_MIN=16 V32_JOIN_SMM=1 V32_ROT_SMM=1 V32_JOIN_POST=3 V32_JP_C=0.1 V21_R_OLD=320 V24_R_OLD2=192 V18_R_FB=2 V24_AGE_OLD2=8 V33_K4Q=3 V33_K4Q_RANK=4 V34_OPT=abcdefgj V33_SAT=-2.5 V35_SAT_ROUND=64 V35_SATC=1 V35_SKIP_JOIN_L2=1 V35_SB_MN=8 V35_CPRE_MN=8 V35_JN_MN=8 V52_FB_FOLD=1 V21_NO_CONFINE=1 V56_P4=2 V56_A=1.15 V56_B=0 SAVE_OUT=om2path_4.npy python oracle_one.py 4 none none m2path
m2star_4	V29_WARM_JOIN=1 V29_WARM_FB=1 V17_R_RES=4 V26_STRASSEN=6 V26_STRASSEN_MIN=16 V32_JOIN_SMM=1 V32_ROT_SMM=1 V32_JOIN_POST=3 V32_JP_C=0.1 V21_R_OLD=320 V24_R_OLD2=192 V18_R_FB=2 V24_AGE_OLD2=8 V33_K4Q=3 V33_K4Q_RANK=4 V34_OPT=abcdefgj V33_SAT=-2.5 V35_SAT_ROUND=64 V35_SATC=1 V35_SKIP_JOIN_L2=1 V35_SB_MN=8 V35_CPRE_MN=8 V35_JN_MN=8 V52_FB_FOLD=1 V21_NO_CONFINE=1 V56_P4=2 V56_A=0 V56_B=0.7 SAVE_OUT=om2star_4.npy python oracle_one.py 4 none none m2star
a1_4	V29_WARM_JOIN=1 V29_WARM_FB=1 V17_R_RES=4 V26_STRASSEN=6 V26_STRASSEN_MIN=16 V32_JOIN_SMM=1 V32_ROT_SMM=1 V32_JOIN_POST=3 V32_JP_C=0.1 V21_R_OLD=320 V24_R_OLD2=192 V18_R_FB=2 V24_AGE_OLD2=8 V33_K4Q=3 V33_K4Q_RANK=4 V34_OPT=abcdefgj V33_SAT=-2.5 V35_SAT_ROUND=64 V35_SATC=1 V35_SKIP_JOIN_L2=1 V35_SB_MN=8 V35_CPRE_MN=8 V35_JN_MN=8 V52_FB_FOLD=1 V21_NO_CONFINE=1 V56_P4=2 V56_A=1.15 V56_B=0.7 V56_LMIN=3 V56_LAST=0 SAVE_OUT=oa1_4.npy python oracle_one.py 4 none none a1
a2_4	V29_WARM_JOIN=1 V29_WARM_FB=1 V17_R_RES=4 V26_STRASSEN=6 V26_STRASSEN_MIN=16 V32_JOIN_SMM=1 V32_ROT_SMM=1 V32_JOIN_POST=3 V32_JP_C=0.1 V21_R_OLD=320 V24_R_OLD2=192 V18_R_FB=2 V24_AGE_OLD2=8 V33_K4Q=3 V33_K4Q_RANK=4 V34_OPT=abcdefgj V33_SAT=-2.5 V35_SAT_ROUND=64 V35_SATC=1 V35_SKIP_JOIN_L2=1 V35_SB_MN=8 V35_CPRE_MN=8 V35_JN_MN=8 V52_FB_FOLD=1 V21_NO_CONFINE=1 V56_P4=2 V56_A=1.15 V56_B=0.7 V56_LMIN=3 V56_LAST=2 SAVE_OUT=oa2_4.npy python oracle_one.py 4 none none a2
a3_4	V29_WARM_JOIN=1 V29_WARM_FB=1 V17_R_RES=4 V26_STRASSEN=6 V26_STRASSEN_MIN=16 V32_JOIN_SMM=1 V32_ROT_SMM=1 V32_JOIN_POST=3 V32_JP_C=0.1 V21_R_OLD=320 V24_R_OLD2=192 V18_R_FB=2 V24_AGE_OLD2=8 V33_K4Q=3 V33_K4Q_RANK=4 V34_OPT=abcdefgj V33_SAT=-2.5 V35_SAT_ROUND=64 V35_SATC=1 V35_SKIP_JOIN_L2=1 V35_SB_MN=8 V35_CPRE_MN=8 V35_JN_MN=8 V52_FB_FOLD=1 V21_NO_CONFINE=1 V56_P4=2 V56_A=1 V56_B=1 V56_LMIN=3 V56_LAST=2 SAVE_OUT=oa3_4.npy python oracle_one.py 4 none none a3
a4_4	V29_WARM_JOIN=1 V29_WARM_FB=1 V17_R_RES=4 V26_STRASSEN=6 V26_STRASSEN_MIN=16 V32_JOIN_SMM=1 V32_ROT_SMM=1 V32_JOIN_POST=3 V32_JP_C=0.1 V21_R_OLD=320 V24_R_OLD2=192 V18_R_FB=2 V24_AGE_OLD2=8 V33_K4Q=3 V33_K4Q_RANK=4 V34_OPT=abcdefgj V33_SAT=-2.5 V35_SAT_ROUND=64 V35_SATC=1 V35_SKIP_JOIN_L2=1 V35_SB_MN=8 V35_CPRE_MN=8 V35_JN_MN=8 V52_FB_FOLD=1 V21_NO_CONFINE=1 V56_P4=2 V56_A=1.15 V56_B=0 V56_LMIN=3 V56_LAST=2 SAVE_OUT=oa4_4.npy python oracle_one.py 4 none none a4
nc_5	V29_WARM_JOIN=1 V29_WARM_FB=1 V17_R_RES=4 V26_STRASSEN=6 V26_STRASSEN_MIN=16 V32_JOIN_SMM=1 V32_ROT_SMM=1 V32_JOIN_POST=3 V32_JP_C=0.1 V21_R_OLD=320 V24_R_OLD2=192 V18_R_FB=2 V24_AGE_OLD2=8 V33_K4Q=3 V33_K4Q_RANK=4 V34_OPT=abcdefgj V33_SAT=-2.5 V35_SAT_ROUND=64 V35_SATC=1 V35_SKIP_JOIN_L2=1 V35_SB_MN=8 V35_CPRE_MN=8 V35_JN_MN=8 V52_FB_FOLD=1 V21_NO_CONFINE=1  SAVE_OUT=onc_5.npy python oracle_one.py 5 none none nc
m2fit_5	V29_WARM_JOIN=1 V29_WARM_FB=1 V17_R_RES=4 V26_STRASSEN=6 V26_STRASSEN_MIN=16 V32_JOIN_SMM=1 V32_ROT_SMM=1 V32_JOIN_POST=3 V32_JP_C=0.1 V21_R_OLD=320 V24_R_OLD2=192 V18_R_FB=2 V24_AGE_OLD2=8 V33_K4Q=3 V33_K4Q_RANK=4 V34_OPT=abcdefgj V33_SAT=-2.5 V35_SAT_ROUND=64 V35_SATC=1 V35_SKIP_JOIN_L2=1 V35_SB_MN=8 V35_CPRE_MN=8 V35_JN_MN=8 V52_FB_FOLD=1 V21_NO_CONFINE=1 V56_P4=2 V56_A=1.15 V56_B=0.7 SAVE_OUT=om2fit_5.npy python oracle_one.py 5 none none m2fit
m2der_5	V29_WARM_JOIN=1 V29_WARM_FB=1 V17_R_RES=4 V26_STRASSEN=6 V26_STRASSEN_MIN=16 V32_JOIN_SMM=1 V32_ROT_SMM=1 V32_JOIN_POST=3 V32_JP_C=0.1 V21_R_OLD=320 V24_R_OLD2=192 V18_R_FB=2 V24_AGE_OLD2=8 V33_K4Q=3 V33_K4Q_RANK=4 V34_OPT=abcdefgj V33_SAT=-2.5 V35_SAT_ROUND=64 V35_SATC=1 V35_SKIP_JOIN_L2=1 V35_SB_MN=8 V35_CPRE_MN=8 V35_JN_MN=8 V52_FB_FOLD=1 V21_NO_CONFINE=1 V56_P4=2 V56_A=1 V56_B=1 SAVE_OUT=om2der_5.npy python oracle_one.py 5 none none m2der
m1fit_5	V29_WARM_JOIN=1 V29_WARM_FB=1 V17_R_RES=4 V26_STRASSEN=6 V26_STRASSEN_MIN=16 V32_JOIN_SMM=1 V32_ROT_SMM=1 V32_JOIN_POST=3 V32_JP_C=0.1 V21_R_OLD=320 V24_R_OLD2=192 V18_R_FB=2 V24_AGE_OLD2=8 V33_K4Q=3 V33_K4Q_RANK=4 V34_OPT=abcdefgj V33_SAT=-2.5 V35_SAT_ROUND=64 V35_SATC=1 V35_SKIP_JOIN_L2=1 V35_SB_MN=8 V35_CPRE_MN=8 V35_JN_MN=8 V52_FB_FOLD=1 V21_NO_CONFINE=1 V56_P4=1 V56_A=1.15 V56_B=0.7 SAVE_OUT=om1fit_5.npy python oracle_one.py 5 none none m1fit
m2path_5	V29_WARM_JOIN=1 V29_WARM_FB=1 V17_R_RES=4 V26_STRASSEN=6 V26_STRASSEN_MIN=16 V32_JOIN_SMM=1 V32_ROT_SMM=1 V32_JOIN_POST=3 V32_JP_C=0.1 V21_R_OLD=320 V24_R_OLD2=192 V18_R_FB=2 V24_AGE_OLD2=8 V33_K4Q=3 V33_K4Q_RANK=4 V34_OPT=abcdefgj V33_SAT=-2.5 V35_SAT_ROUND=64 V35_SATC=1 V35_SKIP_JOIN_L2=1 V35_SB_MN=8 V35_CPRE_MN=8 V35_JN_MN=8 V52_FB_FOLD=1 V21_NO_CONFINE=1 V56_P4=2 V56_A=1.15 V56_B=0 SAVE_OUT=om2path_5.npy python oracle_one.py 5 none none m2path
m2star_5	V29_WARM_JOIN=1 V29_WARM_FB=1 V17_R_RES=4 V26_STRASSEN=6 V26_STRASSEN_MIN=16 V32_JOIN_SMM=1 V32_ROT_SMM=1 V32_JOIN_POST=3 V32_JP_C=0.1 V21_R_OLD=320 V24_R_OLD2=192 V18_R_FB=2 V24_AGE_OLD2=8 V33_K4Q=3 V33_K4Q_RANK=4 V34_OPT=abcdefgj V33_SAT=-2.5 V35_SAT_ROUND=64 V35_SATC=1 V35_SKIP_JOIN_L2=1 V35_SB_MN=8 V35_CPRE_MN=8 V35_JN_MN=8 V52_FB_FOLD=1 V21_NO_CONFINE=1 V56_P4=2 V56_A=0 V56_B=0.7 SAVE_OUT=om2star_5.npy python oracle_one.py 5 none none m2star
a1_5	V29_WARM_JOIN=1 V29_WARM_FB=1 V17_R_RES=4 V26_STRASSEN=6 V26_STRASSEN_MIN=16 V32_JOIN_SMM=1 V32_ROT_SMM=1 V32_JOIN_POST=3 V32_JP_C=0.1 V21_R_OLD=320 V24_R_OLD2=192 V18_R_FB=2 V24_AGE_OLD2=8 V33_K4Q=3 V33_K4Q_RANK=4 V34_OPT=abcdefgj V33_SAT=-2.5 V35_SAT_ROUND=64 V35_SATC=1 V35_SKIP_JOIN_L2=1 V35_SB_MN=8 V35_CPRE_MN=8 V35_JN_MN=8 V52_FB_FOLD=1 V21_NO_CONFINE=1 V56_P4=2 V56_A=1.15 V56_B=0.7 V56_LMIN=3 V56_LAST=0 SAVE_OUT=oa1_5.npy python oracle_one.py 5 none none a1
a2_5	V29_WARM_JOIN=1 V29_WARM_FB=1 V17_R_RES=4 V26_STRASSEN=6 V26_STRASSEN_MIN=16 V32_JOIN_SMM=1 V32_ROT_SMM=1 V32_JOIN_POST=3 V32_JP_C=0.1 V21_R_OLD=320 V24_R_OLD2=192 V18_R_FB=2 V24_AGE_OLD2=8 V33_K4Q=3 V33_K4Q_RANK=4 V34_OPT=abcdefgj V33_SAT=-2.5 V35_SAT_ROUND=64 V35_SATC=1 V35_SKIP_JOIN_L2=1 V35_SB_MN=8 V35_CPRE_MN=8 V35_JN_MN=8 V52_FB_FOLD=1 V21_NO_CONFINE=1 V56_P4=2 V56_A=1.15 V56_B=0.7 V56_LMIN=3 V56_LAST=2 SAVE_OUT=oa2_5.npy python oracle_one.py 5 none none a2
a3_5	V29_WARM_JOIN=1 V29_WARM_FB=1 V17_R_RES=4 V26_STRASSEN=6 V26_STRASSEN_MIN=16 V32_JOIN_SMM=1 V32_ROT_SMM=1 V32_JOIN_POST=3 V32_JP_C=0.1 V21_R_OLD=320 V24_R_OLD2=192 V18_R_FB=2 V24_AGE_OLD2=8 V33_K4Q=3 V33_K4Q_RANK=4 V34_OPT=abcdefgj V33_SAT=-2.5 V35_SAT_ROUND=64 V35_SATC=1 V35_SKIP_JOIN_L2=1 V35_SB_MN=8 V35_CPRE_MN=8 V35_JN_MN=8 V52_FB_FOLD=1 V21_NO_CONFINE=1 V56_P4=2 V56_A=1 V56_B=1 V56_LMIN=3 V56_LAST=2 SAVE_OUT=oa3_5.npy python oracle_one.py 5 none none a3
a4_5	V29_WARM_JOIN=1 V29_WARM_FB=1 V17_R_RES=4 V26_STRASSEN=6 V26_STRASSEN_MIN=16 V32_JOIN_SMM=1 V32_ROT_SMM=1 V32_JOIN_POST=3 V32_JP_C=0.1 V21_R_OLD=320 V24_R_OLD2=192 V18_R_FB=2 V24_AGE_OLD2=8 V33_K4Q=3 V33_K4Q_RANK=4 V34_OPT=abcdefgj V33_SAT=-2.5 V35_SAT_ROUND=64 V35_SATC=1 V35_SKIP_JOIN_L2=1 V35_SB_MN=8 V35_CPRE_MN=8 V35_JN_MN=8 V52_FB_FOLD=1 V21_NO_CONFINE=1 V56_P4=2 V56_A=1.15 V56_B=0 V56_LMIN=3 V56_LAST=2 SAVE_OUT=oa4_5.npy python oracle_one.py 5 none none a4
nc_6	V29_WARM_JOIN=1 V29_WARM_FB=1 V17_R_RES=4 V26_STRASSEN=6 V26_STRASSEN_MIN=16 V32_JOIN_SMM=1 V32_ROT_SMM=1 V32_JOIN_POST=3 V32_JP_C=0.1 V21_R_OLD=320 V24_R_OLD2=192 V18_R_FB=2 V24_AGE_OLD2=8 V33_K4Q=3 V33_K4Q_RANK=4 V34_OPT=abcdefgj V33_SAT=-2.5 V35_SAT_ROUND=64 V35_SATC=1 V35_SKIP_JOIN_L2=1 V35_SB_MN=8 V35_CPRE_MN=8 V35_JN_MN=8 V52_FB_FOLD=1 V21_NO_CONFINE=1  SAVE_OUT=onc_6.npy python oracle_one.py 6 none none nc
m2fit_6	V29_WARM_JOIN=1 V29_WARM_FB=1 V17_R_RES=4 V26_STRASSEN=6 V26_STRASSEN_MIN=16 V32_JOIN_SMM=1 V32_ROT_SMM=1 V32_JOIN_POST=3 V32_JP_C=0.1 V21_R_OLD=320 V24_R_OLD2=192 V18_R_FB=2 V24_AGE_OLD2=8 V33_K4Q=3 V33_K4Q_RANK=4 V34_OPT=abcdefgj V33_SAT=-2.5 V35_SAT_ROUND=64 V35_SATC=1 V35_SKIP_JOIN_L2=1 V35_SB_MN=8 V35_CPRE_MN=8 V35_JN_MN=8 V52_FB_FOLD=1 V21_NO_CONFINE=1 V56_P4=2 V56_A=1.15 V56_B=0.7 SAVE_OUT=om2fit_6.npy python oracle_one.py 6 none none m2fit
m2der_6	V29_WARM_JOIN=1 V29_WARM_FB=1 V17_R_RES=4 V26_STRASSEN=6 V26_STRASSEN_MIN=16 V32_JOIN_SMM=1 V32_ROT_SMM=1 V32_JOIN_POST=3 V32_JP_C=0.1 V21_R_OLD=320 V24_R_OLD2=192 V18_R_FB=2 V24_AGE_OLD2=8 V33_K4Q=3 V33_K4Q_RANK=4 V34_OPT=abcdefgj V33_SAT=-2.5 V35_SAT_ROUND=64 V35_SATC=1 V35_SKIP_JOIN_L2=1 V35_SB_MN=8 V35_CPRE_MN=8 V35_JN_MN=8 V52_FB_FOLD=1 V21_NO_CONFINE=1 V56_P4=2 V56_A=1 V56_B=1 SAVE_OUT=om2der_6.npy python oracle_one.py 6 none none m2der
m1fit_6	V29_WARM_JOIN=1 V29_WARM_FB=1 V17_R_RES=4 V26_STRASSEN=6 V26_STRASSEN_MIN=16 V32_JOIN_SMM=1 V32_ROT_SMM=1 V32_JOIN_POST=3 V32_JP_C=0.1 V21_R_OLD=320 V24_R_OLD2=192 V18_R_FB=2 V24_AGE_OLD2=8 V33_K4Q=3 V33_K4Q_RANK=4 V34_OPT=abcdefgj V33_SAT=-2.5 V35_SAT_ROUND=64 V35_SATC=1 V35_SKIP_JOIN_L2=1 V35_SB_MN=8 V35_CPRE_MN=8 V35_JN_MN=8 V52_FB_FOLD=1 V21_NO_CONFINE=1 V56_P4=1 V56_A=1.15 V56_B=0.7 SAVE_OUT=om1fit_6.npy python oracle_one.py 6 none none m1fit
m2path_6	V29_WARM_JOIN=1 V29_WARM_FB=1 V17_R_RES=4 V26_STRASSEN=6 V26_STRASSEN_MIN=16 V32_JOIN_SMM=1 V32_ROT_SMM=1 V32_JOIN_POST=3 V32_JP_C=0.1 V21_R_OLD=320 V24_R_OLD2=192 V18_R_FB=2 V24_AGE_OLD2=8 V33_K4Q=3 V33_K4Q_RANK=4 V34_OPT=abcdefgj V33_SAT=-2.5 V35_SAT_ROUND=64 V35_SATC=1 V35_SKIP_JOIN_L2=1 V35_SB_MN=8 V35_CPRE_MN=8 V35_JN_MN=8 V52_FB_FOLD=1 V21_NO_CONFINE=1 V56_P4=2 V56_A=1.15 V56_B=0 SAVE_OUT=om2path_6.npy python oracle_one.py 6 none none m2path
m2star_6	V29_WARM_JOIN=1 V29_WARM_FB=1 V17_R_RES=4 V26_STRASSEN=6 V26_STRASSEN_MIN=16 V32_JOIN_SMM=1 V32_ROT_SMM=1 V32_JOIN_POST=3 V32_JP_C=0.1 V21_R_OLD=320 V24_R_OLD2=192 V18_R_FB=2 V24_AGE_OLD2=8 V33_K4Q=3 V33_K4Q_RANK=4 V34_OPT=abcdefgj V33_SAT=-2.5 V35_SAT_ROUND=64 V35_SATC=1 V35_SKIP_JOIN_L2=1 V35_SB_MN=8 V35_CPRE_MN=8 V35_JN_MN=8 V52_FB_FOLD=1 V21_NO_CONFINE=1 V56_P4=2 V56_A=0 V56_B=0.7 SAVE_OUT=om2star_6.npy python oracle_one.py 6 none none m2star
a1_6	V29_WARM_JOIN=1 V29_WARM_FB=1 V17_R_RES=4 V26_STRASSEN=6 V26_STRASSEN_MIN=16 V32_JOIN_SMM=1 V32_ROT_SMM=1 V32_JOIN_POST=3 V32_JP_C=0.1 V21_R_OLD=320 V24_R_OLD2=192 V18_R_FB=2 V24_AGE_OLD2=8 V33_K4Q=3 V33_K4Q_RANK=4 V34_OPT=abcdefgj V33_SAT=-2.5 V35_SAT_ROUND=64 V35_SATC=1 V35_SKIP_JOIN_L2=1 V35_SB_MN=8 V35_CPRE_MN=8 V35_JN_MN=8 V52_FB_FOLD=1 V21_NO_CONFINE=1 V56_P4=2 V56_A=1.15 V56_B=0.7 V56_LMIN=3 V56_LAST=0 SAVE_OUT=oa1_6.npy python oracle_one.py 6 none none a1
a2_6	V29_WARM_JOIN=1 V29_WARM_FB=1 V17_R_RES=4 V26_STRASSEN=6 V26_STRASSEN_MIN=16 V32_JOIN_SMM=1 V32_ROT_SMM=1 V32_JOIN_POST=3 V32_JP_C=0.1 V21_R_OLD=320 V24_R_OLD2=192 V18_R_FB=2 V24_AGE_OLD2=8 V33_K4Q=3 V33_K4Q_RANK=4 V34_OPT=abcdefgj V33_SAT=-2.5 V35_SAT_ROUND=64 V35_SATC=1 V35_SKIP_JOIN_L2=1 V35_SB_MN=8 V35_CPRE_MN=8 V35_JN_MN=8 V52_FB_FOLD=1 V21_NO_CONFINE=1 V56_P4=2 V56_A=1.15 V56_B=0.7 V56_LMIN=3 V56_LAST=2 SAVE_OUT=oa2_6.npy python oracle_one.py 6 none none a2
a3_6	V29_WARM_JOIN=1 V29_WARM_FB=1 V17_R_RES=4 V26_STRASSEN=6 V26_STRASSEN_MIN=16 V32_JOIN_SMM=1 V32_ROT_SMM=1 V32_JOIN_POST=3 V32_JP_C=0.1 V21_R_OLD=320 V24_R_OLD2=192 V18_R_FB=2 V24_AGE_OLD2=8 V33_K4Q=3 V33_K4Q_RANK=4 V34_OPT=abcdefgj V33_SAT=-2.5 V35_SAT_ROUND=64 V35_SATC=1 V35_SKIP_JOIN_L2=1 V35_SB_MN=8 V35_CPRE_MN=8 V35_JN_MN=8 V52_FB_FOLD=1 V21_NO_CONFINE=1 V56_P4=2 V56_A=1 V56_B=1 V56_LMIN=3 V56_LAST=2 SAVE_OUT=oa3_6.npy python oracle_one.py 6 none none a3
a4_6	V29_WARM_JOIN=1 V29_WARM_FB=1 V17_R_RES=4 V26_STRASSEN=6 V26_STRASSEN_MIN=16 V32_JOIN_SMM=1 V32_ROT_SMM=1 V32_JOIN_POST=3 V32_JP_C=0.1 V21_R_OLD=320 V24_R_OLD2=192 V18_R_FB=2 V24_AGE_OLD2=8 V33_K4Q=3 V33_K4Q_RANK=4 V34_OPT=abcdefgj V33_SAT=-2.5 V35_SAT_ROUND=64 V35_SATC=1 V35_SKIP_JOIN_L2=1 V35_SB_MN=8 V35_CPRE_MN=8 V35_JN_MN=8 V52_FB_FOLD=1 V21_NO_CONFINE=1 V56_P4=2 V56_A=1.15 V56_B=0 V56_LMIN=3 V56_LAST=2 SAVE_OUT=oa4_6.npy python oracle_one.py 6 none none a4
nc_7	V29_WARM_JOIN=1 V29_WARM_FB=1 V17_R_RES=4 V26_STRASSEN=6 V26_STRASSEN_MIN=16 V32_JOIN_SMM=1 V32_ROT_SMM=1 V32_JOIN_POST=3 V32_JP_C=0.1 V21_R_OLD=320 V24_R_OLD2=192 V18_R_FB=2 V24_AGE_OLD2=8 V33_K4Q=3 V33_K4Q_RANK=4 V34_OPT=abcdefgj V33_SAT=-2.5 V35_SAT_ROUND=64 V35_SATC=1 V35_SKIP_JOIN_L2=1 V35_SB_MN=8 V35_CPRE_MN=8 V35_JN_MN=8 V52_FB_FOLD=1 V21_NO_CONFINE=1  SAVE_OUT=onc_7.npy python oracle_one.py 7 none none nc
m2fit_7	V29_WARM_JOIN=1 V29_WARM_FB=1 V17_R_RES=4 V26_STRASSEN=6 V26_STRASSEN_MIN=16 V32_JOIN_SMM=1 V32_ROT_SMM=1 V32_JOIN_POST=3 V32_JP_C=0.1 V21_R_OLD=320 V24_R_OLD2=192 V18_R_FB=2 V24_AGE_OLD2=8 V33_K4Q=3 V33_K4Q_RANK=4 V34_OPT=abcdefgj V33_SAT=-2.5 V35_SAT_ROUND=64 V35_SATC=1 V35_SKIP_JOIN_L2=1 V35_SB_MN=8 V35_CPRE_MN=8 V35_JN_MN=8 V52_FB_FOLD=1 V21_NO_CONFINE=1 V56_P4=2 V56_A=1.15 V56_B=0.7 SAVE_OUT=om2fit_7.npy python oracle_one.py 7 none none m2fit
m2der_7	V29_WARM_JOIN=1 V29_WARM_FB=1 V17_R_RES=4 V26_STRASSEN=6 V26_STRASSEN_MIN=16 V32_JOIN_SMM=1 V32_ROT_SMM=1 V32_JOIN_POST=3 V32_JP_C=0.1 V21_R_OLD=320 V24_R_OLD2=192 V18_R_FB=2 V24_AGE_OLD2=8 V33_K4Q=3 V33_K4Q_RANK=4 V34_OPT=abcdefgj V33_SAT=-2.5 V35_SAT_ROUND=64 V35_SATC=1 V35_SKIP_JOIN_L2=1 V35_SB_MN=8 V35_CPRE_MN=8 V35_JN_MN=8 V52_FB_FOLD=1 V21_NO_CONFINE=1 V56_P4=2 V56_A=1 V56_B=1 SAVE_OUT=om2der_7.npy python oracle_one.py 7 none none m2der
m1fit_7	V29_WARM_JOIN=1 V29_WARM_FB=1 V17_R_RES=4 V26_STRASSEN=6 V26_STRASSEN_MIN=16 V32_JOIN_SMM=1 V32_ROT_SMM=1 V32_JOIN_POST=3 V32_JP_C=0.1 V21_R_OLD=320 V24_R_OLD2=192 V18_R_FB=2 V24_AGE_OLD2=8 V33_K4Q=3 V33_K4Q_RANK=4 V34_OPT=abcdefgj V33_SAT=-2.5 V35_SAT_ROUND=64 V35_SATC=1 V35_SKIP_JOIN_L2=1 V35_SB_MN=8 V35_CPRE_MN=8 V35_JN_MN=8 V52_FB_FOLD=1 V21_NO_CONFINE=1 V56_P4=1 V56_A=1.15 V56_B=0.7 SAVE_OUT=om1fit_7.npy python oracle_one.py 7 none none m1fit
m2path_7	V29_WARM_JOIN=1 V29_WARM_FB=1 V17_R_RES=4 V26_STRASSEN=6 V26_STRASSEN_MIN=16 V32_JOIN_SMM=1 V32_ROT_SMM=1 V32_JOIN_POST=3 V32_JP_C=0.1 V21_R_OLD=320 V24_R_OLD2=192 V18_R_FB=2 V24_AGE_OLD2=8 V33_K4Q=3 V33_K4Q_RANK=4 V34_OPT=abcdefgj V33_SAT=-2.5 V35_SAT_ROUND=64 V35_SATC=1 V35_SKIP_JOIN_L2=1 V35_SB_MN=8 V35_CPRE_MN=8 V35_JN_MN=8 V52_FB_FOLD=1 V21_NO_CONFINE=1 V56_P4=2 V56_A=1.15 V56_B=0 SAVE_OUT=om2path_7.npy python oracle_one.py 7 none none m2path
m2star_7	V29_WARM_JOIN=1 V29_WARM_FB=1 V17_R_RES=4 V26_STRASSEN=6 V26_STRASSEN_MIN=16 V32_JOIN_SMM=1 V32_ROT_SMM=1 V32_JOIN_POST=3 V32_JP_C=0.1 V21_R_OLD=320 V24_R_OLD2=192 V18_R_FB=2 V24_AGE_OLD2=8 V33_K4Q=3 V33_K4Q_RANK=4 V34_OPT=abcdefgj V33_SAT=-2.5 V35_SAT_ROUND=64 V35_SATC=1 V35_SKIP_JOIN_L2=1 V35_SB_MN=8 V35_CPRE_MN=8 V35_JN_MN=8 V52_FB_FOLD=1 V21_NO_CONFINE=1 V56_P4=2 V56_A=0 V56_B=0.7 SAVE_OUT=om2star_7.npy python oracle_one.py 7 none none m2star
a1_7	V29_WARM_JOIN=1 V29_WARM_FB=1 V17_R_RES=4 V26_STRASSEN=6 V26_STRASSEN_MIN=16 V32_JOIN_SMM=1 V32_ROT_SMM=1 V32_JOIN_POST=3 V32_JP_C=0.1 V21_R_OLD=320 V24_R_OLD2=192 V18_R_FB=2 V24_AGE_OLD2=8 V33_K4Q=3 V33_K4Q_RANK=4 V34_OPT=abcdefgj V33_SAT=-2.5 V35_SAT_ROUND=64 V35_SATC=1 V35_SKIP_JOIN_L2=1 V35_SB_MN=8 V35_CPRE_MN=8 V35_JN_MN=8 V52_FB_FOLD=1 V21_NO_CONFINE=1 V56_P4=2 V56_A=1.15 V56_B=0.7 V56_LMIN=3 V56_LAST=0 SAVE_OUT=oa1_7.npy python oracle_one.py 7 none none a1
a2_7	V29_WARM_JOIN=1 V29_WARM_FB=1 V17_R_RES=4 V26_STRASSEN=6 V26_STRASSEN_MIN=16 V32_JOIN_SMM=1 V32_ROT_SMM=1 V32_JOIN_POST=3 V32_JP_C=0.1 V21_R_OLD=320 V24_R_OLD2=192 V18_R_FB=2 V24_AGE_OLD2=8 V33_K4Q=3 V33_K4Q_RANK=4 V34_OPT=abcdefgj V33_SAT=-2.5 V35_SAT_ROUND=64 V35_SATC=1 V35_SKIP_JOIN_L2=1 V35_SB_MN=8 V35_CPRE_MN=8 V35_JN_MN=8 V52_FB_FOLD=1 V21_NO_CONFINE=1 V56_P4=2 V56_A=1.15 V56_B=0.7 V56_LMIN=3 V56_LAST=2 SAVE_OUT=oa2_7.npy python oracle_one.py 7 none none a2
a3_7	V29_WARM_JOIN=1 V29_WARM_FB=1 V17_R_RES=4 V26_STRASSEN=6 V26_STRASSEN_MIN=16 V32_JOIN_SMM=1 V32_ROT_SMM=1 V32_JOIN_POST=3 V32_JP_C=0.1 V21_R_OLD=320 V24_R_OLD2=192 V18_R_FB=2 V24_AGE_OLD2=8 V33_K4Q=3 V33_K4Q_RANK=4 V34_OPT=abcdefgj V33_SAT=-2.5 V35_SAT_ROUND=64 V35_SATC=1 V35_SKIP_JOIN_L2=1 V35_SB_MN=8 V35_CPRE_MN=8 V35_JN_MN=8 V52_FB_FOLD=1 V21_NO_CONFINE=1 V56_P4=2 V56_A=1 V56_B=1 V56_LMIN=3 V56_LAST=2 SAVE_OUT=oa3_7.npy python oracle_one.py 7 none none a3
a4_7	V29_WARM_JOIN=1 V29_WARM_FB=1 V17_R_RES=4 V26_STRASSEN=6 V26_STRASSEN_MIN=16 V32_JOIN_SMM=1 V32_ROT_SMM=1 V32_JOIN_POST=3 V32_JP_C=0.1 V21_R_OLD=320 V24_R_OLD2=192 V18_R_FB=2 V24_AGE_OLD2=8 V33_K4Q=3 V33_K4Q_RANK=4 V34_OPT=abcdefgj V33_SAT=-2.5 V35_SAT_ROUND=64 V35_SATC=1 V35_SKIP_JOIN_L2=1 V35_SB_MN=8 V35_CPRE_MN=8 V35_JN_MN=8 V52_FB_FOLD=1 V21_NO_CONFINE=1 V56_P4=2 V56_A=1.15 V56_B=0 V56_LMIN=3 V56_LAST=2 SAVE_OUT=oa4_7.npy python oracle_one.py 7 none none a4
nc_8	V29_WARM_JOIN=1 V29_WARM_FB=1 V17_R_RES=4 V26_STRASSEN=6 V26_STRASSEN_MIN=16 V32_JOIN_SMM=1 V32_ROT_SMM=1 V32_JOIN_POST=3 V32_JP_C=0.1 V21_R_OLD=320 V24_R_OLD2=192 V18_R_FB=2 V24_AGE_OLD2=8 V33_K4Q=3 V33_K4Q_RANK=4 V34_OPT=abcdefgj V33_SAT=-2.5 V35_SAT_ROUND=64 V35_SATC=1 V35_SKIP_JOIN_L2=1 V35_SB_MN=8 V35_CPRE_MN=8 V35_JN_MN=8 V52_FB_FOLD=1 V21_NO_CONFINE=1  SAVE_OUT=onc_8.npy python oracle_one.py 8 none none nc
m2fit_8	V29_WARM_JOIN=1 V29_WARM_FB=1 V17_R_RES=4 V26_STRASSEN=6 V26_STRASSEN_MIN=16 V32_JOIN_SMM=1 V32_ROT_SMM=1 V32_JOIN_POST=3 V32_JP_C=0.1 V21_R_OLD=320 V24_R_OLD2=192 V18_R_FB=2 V24_AGE_OLD2=8 V33_K4Q=3 V33_K4Q_RANK=4 V34_OPT=abcdefgj V33_SAT=-2.5 V35_SAT_ROUND=64 V35_SATC=1 V35_SKIP_JOIN_L2=1 V35_SB_MN=8 V35_CPRE_MN=8 V35_JN_MN=8 V52_FB_FOLD=1 V21_NO_CONFINE=1 V56_P4=2 V56_A=1.15 V56_B=0.7 SAVE_OUT=om2fit_8.npy python oracle_one.py 8 none none m2fit
m2der_8	V29_WARM_JOIN=1 V29_WARM_FB=1 V17_R_RES=4 V26_STRASSEN=6 V26_STRASSEN_MIN=16 V32_JOIN_SMM=1 V32_ROT_SMM=1 V32_JOIN_POST=3 V32_JP_C=0.1 V21_R_OLD=320 V24_R_OLD2=192 V18_R_FB=2 V24_AGE_OLD2=8 V33_K4Q=3 V33_K4Q_RANK=4 V34_OPT=abcdefgj V33_SAT=-2.5 V35_SAT_ROUND=64 V35_SATC=1 V35_SKIP_JOIN_L2=1 V35_SB_MN=8 V35_CPRE_MN=8 V35_JN_MN=8 V52_FB_FOLD=1 V21_NO_CONFINE=1 V56_P4=2 V56_A=1 V56_B=1 SAVE_OUT=om2der_8.npy python oracle_one.py 8 none none m2der
m1fit_8	V29_WARM_JOIN=1 V29_WARM_FB=1 V17_R_RES=4 V26_STRASSEN=6 V26_STRASSEN_MIN=16 V32_JOIN_SMM=1 V32_ROT_SMM=1 V32_JOIN_POST=3 V32_JP_C=0.1 V21_R_OLD=320 V24_R_OLD2=192 V18_R_FB=2 V24_AGE_OLD2=8 V33_K4Q=3 V33_K4Q_RANK=4 V34_OPT=abcdefgj V33_SAT=-2.5 V35_SAT_ROUND=64 V35_SATC=1 V35_SKIP_JOIN_L2=1 V35_SB_MN=8 V35_CPRE_MN=8 V35_JN_MN=8 V52_FB_FOLD=1 V21_NO_CONFINE=1 V56_P4=1 V56_A=1.15 V56_B=0.7 SAVE_OUT=om1fit_8.npy python oracle_one.py 8 none none m1fit
m2path_8	V29_WARM_JOIN=1 V29_WARM_FB=1 V17_R_RES=4 V26_STRASSEN=6 V26_STRASSEN_MIN=16 V32_JOIN_SMM=1 V32_ROT_SMM=1 V32_JOIN_POST=3 V32_JP_C=0.1 V21_R_OLD=320 V24_R_OLD2=192 V18_R_FB=2 V24_AGE_OLD2=8 V33_K4Q=3 V33_K4Q_RANK=4 V34_OPT=abcdefgj V33_SAT=-2.5 V35_SAT_ROUND=64 V35_SATC=1 V35_SKIP_JOIN_L2=1 V35_SB_MN=8 V35_CPRE_MN=8 V35_JN_MN=8 V52_FB_FOLD=1 V21_NO_CONFINE=1 V56_P4=2 V56_A=1.15 V56_B=0 SAVE_OUT=om2path_8.npy python oracle_one.py 8 none none m2path
m2star_8	V29_WARM_JOIN=1 V29_WARM_FB=1 V17_R_RES=4 V26_STRASSEN=6 V26_STRASSEN_MIN=16 V32_JOIN_SMM=1 V32_ROT_SMM=1 V32_JOIN_POST=3 V32_JP_C=0.1 V21_R_OLD=320 V24_R_OLD2=192 V18_R_FB=2 V24_AGE_OLD2=8 V33_K4Q=3 V33_K4Q_RANK=4 V34_OPT=abcdefgj V33_SAT=-2.5 V35_SAT_ROUND=64 V35_SATC=1 V35_SKIP_JOIN_L2=1 V35_SB_MN=8 V35_CPRE_MN=8 V35_JN_MN=8 V52_FB_FOLD=1 V21_NO_CONFINE=1 V56_P4=2 V56_A=0 V56_B=0.7 SAVE_OUT=om2star_8.npy python oracle_one.py 8 none none m2star
a1_8	V29_WARM_JOIN=1 V29_WARM_FB=1 V17_R_RES=4 V26_STRASSEN=6 V26_STRASSEN_MIN=16 V32_JOIN_SMM=1 V32_ROT_SMM=1 V32_JOIN_POST=3 V32_JP_C=0.1 V21_R_OLD=320 V24_R_OLD2=192 V18_R_FB=2 V24_AGE_OLD2=8 V33_K4Q=3 V33_K4Q_RANK=4 V34_OPT=abcdefgj V33_SAT=-2.5 V35_SAT_ROUND=64 V35_SATC=1 V35_SKIP_JOIN_L2=1 V35_SB_MN=8 V35_CPRE_MN=8 V35_JN_MN=8 V52_FB_FOLD=1 V21_NO_CONFINE=1 V56_P4=2 V56_A=1.15 V56_B=0.7 V56_LMIN=3 V56_LAST=0 SAVE_OUT=oa1_8.npy python oracle_one.py 8 none none a1
a2_8	V29_WARM_JOIN=1 V29_WARM_FB=1 V17_R_RES=4 V26_STRASSEN=6 V26_STRASSEN_MIN=16 V32_JOIN_SMM=1 V32_ROT_SMM=1 V32_JOIN_POST=3 V32_JP_C=0.1 V21_R_OLD=320 V24_R_OLD2=192 V18_R_FB=2 V24_AGE_OLD2=8 V33_K4Q=3 V33_K4Q_RANK=4 V34_OPT=abcdefgj V33_SAT=-2.5 V35_SAT_ROUND=64 V35_SATC=1 V35_SKIP_JOIN_L2=1 V35_SB_MN=8 V35_CPRE_MN=8 V35_JN_MN=8 V52_FB_FOLD=1 V21_NO_CONFINE=1 V56_P4=2 V56_A=1.15 V56_B=0.7 V56_LMIN=3 V56_LAST=2 SAVE_OUT=oa2_8.npy python oracle_one.py 8 none none a2
a3_8	V29_WARM_JOIN=1 V29_WARM_FB=1 V17_R_RES=4 V26_STRASSEN=6 V26_STRASSEN_MIN=16 V32_JOIN_SMM=1 V32_ROT_SMM=1 V32_JOIN_POST=3 V32_JP_C=0.1 V21_R_OLD=320 V24_R_OLD2=192 V18_R_FB=2 V24_AGE_OLD2=8 V33_K4Q=3 V33_K4Q_RANK=4 V34_OPT=abcdefgj V33_SAT=-2.5 V35_SAT_ROUND=64 V35_SATC=1 V35_SKIP_JOIN_L2=1 V35_SB_MN=8 V35_CPRE_MN=8 V35_JN_MN=8 V52_FB_FOLD=1 V21_NO_CONFINE=1 V56_P4=2 V56_A=1 V56_B=1 V56_LMIN=3 V56_LAST=2 SAVE_OUT=oa3_8.npy python oracle_one.py 8 none none a3
a4_8	V29_WARM_JOIN=1 V29_WARM_FB=1 V17_R_RES=4 V26_STRASSEN=6 V26_STRASSEN_MIN=16 V32_JOIN_SMM=1 V32_ROT_SMM=1 V32_JOIN_POST=3 V32_JP_C=0.1 V21_R_OLD=320 V24_R_OLD2=192 V18_R_FB=2 V24_AGE_OLD2=8 V33_K4Q=3 V33_K4Q_RANK=4 V34_OPT=abcdefgj V33_SAT=-2.5 V35_SAT_ROUND=64 V35_SATC=1 V35_SKIP_JOIN_L2=1 V35_SB_MN=8 V35_CPRE_MN=8 V35_JN_MN=8 V52_FB_FOLD=1 V21_NO_CONFINE=1 V56_P4=2 V56_A=1.15 V56_B=0 V56_LMIN=3 V56_LAST=2 SAVE_OUT=oa4_8.npy python oracle_one.py 8 none none a4
nc_9	V29_WARM_JOIN=1 V29_WARM_FB=1 V17_R_RES=4 V26_STRASSEN=6 V26_STRASSEN_MIN=16 V32_JOIN_SMM=1 V32_ROT_SMM=1 V32_JOIN_POST=3 V32_JP_C=0.1 V21_R_OLD=320 V24_R_OLD2=192 V18_R_FB=2 V24_AGE_OLD2=8 V33_K4Q=3 V33_K4Q_RANK=4 V34_OPT=abcdefgj V33_SAT=-2.5 V35_SAT_ROUND=64 V35_SATC=1 V35_SKIP_JOIN_L2=1 V35_SB_MN=8 V35_CPRE_MN=8 V35_JN_MN=8 V52_FB_FOLD=1 V21_NO_CONFINE=1  SAVE_OUT=onc_9.npy python oracle_one.py 9 none none nc
m2fit_9	V29_WARM_JOIN=1 V29_WARM_FB=1 V17_R_RES=4 V26_STRASSEN=6 V26_STRASSEN_MIN=16 V32_JOIN_SMM=1 V32_ROT_SMM=1 V32_JOIN_POST=3 V32_JP_C=0.1 V21_R_OLD=320 V24_R_OLD2=192 V18_R_FB=2 V24_AGE_OLD2=8 V33_K4Q=3 V33_K4Q_RANK=4 V34_OPT=abcdefgj V33_SAT=-2.5 V35_SAT_ROUND=64 V35_SATC=1 V35_SKIP_JOIN_L2=1 V35_SB_MN=8 V35_CPRE_MN=8 V35_JN_MN=8 V52_FB_FOLD=1 V21_NO_CONFINE=1 V56_P4=2 V56_A=1.15 V56_B=0.7 SAVE_OUT=om2fit_9.npy python oracle_one.py 9 none none m2fit
m2der_9	V29_WARM_JOIN=1 V29_WARM_FB=1 V17_R_RES=4 V26_STRASSEN=6 V26_STRASSEN_MIN=16 V32_JOIN_SMM=1 V32_ROT_SMM=1 V32_JOIN_POST=3 V32_JP_C=0.1 V21_R_OLD=320 V24_R_OLD2=192 V18_R_FB=2 V24_AGE_OLD2=8 V33_K4Q=3 V33_K4Q_RANK=4 V34_OPT=abcdefgj V33_SAT=-2.5 V35_SAT_ROUND=64 V35_SATC=1 V35_SKIP_JOIN_L2=1 V35_SB_MN=8 V35_CPRE_MN=8 V35_JN_MN=8 V52_FB_FOLD=1 V21_NO_CONFINE=1 V56_P4=2 V56_A=1 V56_B=1 SAVE_OUT=om2der_9.npy python oracle_one.py 9 none none m2der
m1fit_9	V29_WARM_JOIN=1 V29_WARM_FB=1 V17_R_RES=4 V26_STRASSEN=6 V26_STRASSEN_MIN=16 V32_JOIN_SMM=1 V32_ROT_SMM=1 V32_JOIN_POST=3 V32_JP_C=0.1 V21_R_OLD=320 V24_R_OLD2=192 V18_R_FB=2 V24_AGE_OLD2=8 V33_K4Q=3 V33_K4Q_RANK=4 V34_OPT=abcdefgj V33_SAT=-2.5 V35_SAT_ROUND=64 V35_SATC=1 V35_SKIP_JOIN_L2=1 V35_SB_MN=8 V35_CPRE_MN=8 V35_JN_MN=8 V52_FB_FOLD=1 V21_NO_CONFINE=1 V56_P4=1 V56_A=1.15 V56_B=0.7 SAVE_OUT=om1fit_9.npy python oracle_one.py 9 none none m1fit
m2path_9	V29_WARM_JOIN=1 V29_WARM_FB=1 V17_R_RES=4 V26_STRASSEN=6 V26_STRASSEN_MIN=16 V32_JOIN_SMM=1 V32_ROT_SMM=1 V32_JOIN_POST=3 V32_JP_C=0.1 V21_R_OLD=320 V24_R_OLD2=192 V18_R_FB=2 V24_AGE_OLD2=8 V33_K4Q=3 V33_K4Q_RANK=4 V34_OPT=abcdefgj V33_SAT=-2.5 V35_SAT_ROUND=64 V35_SATC=1 V35_SKIP_JOIN_L2=1 V35_SB_MN=8 V35_CPRE_MN=8 V35_JN_MN=8 V52_FB_FOLD=1 V21_NO_CONFINE=1 V56_P4=2 V56_A=1.15 V56_B=0 SAVE_OUT=om2path_9.npy python oracle_one.py 9 none none m2path
m2star_9	V29_WARM_JOIN=1 V29_WARM_FB=1 V17_R_RES=4 V26_STRASSEN=6 V26_STRASSEN_MIN=16 V32_JOIN_SMM=1 V32_ROT_SMM=1 V32_JOIN_POST=3 V32_JP_C=0.1 V21_R_OLD=320 V24_R_OLD2=192 V18_R_FB=2 V24_AGE_OLD2=8 V33_K4Q=3 V33_K4Q_RANK=4 V34_OPT=abcdefgj V33_SAT=-2.5 V35_SAT_ROUND=64 V35_SATC=1 V35_SKIP_JOIN_L2=1 V35_SB_MN=8 V35_CPRE_MN=8 V35_JN_MN=8 V52_FB_FOLD=1 V21_NO_CONFINE=1 V56_P4=2 V56_A=0 V56_B=0.7 SAVE_OUT=om2star_9.npy python oracle_one.py 9 none none m2star
a1_9	V29_WARM_JOIN=1 V29_WARM_FB=1 V17_R_RES=4 V26_STRASSEN=6 V26_STRASSEN_MIN=16 V32_JOIN_SMM=1 V32_ROT_SMM=1 V32_JOIN_POST=3 V32_JP_C=0.1 V21_R_OLD=320 V24_R_OLD2=192 V18_R_FB=2 V24_AGE_OLD2=8 V33_K4Q=3 V33_K4Q_RANK=4 V34_OPT=abcdefgj V33_SAT=-2.5 V35_SAT_ROUND=64 V35_SATC=1 V35_SKIP_JOIN_L2=1 V35_SB_MN=8 V35_CPRE_MN=8 V35_JN_MN=8 V52_FB_FOLD=1 V21_NO_CONFINE=1 V56_P4=2 V56_A=1.15 V56_B=0.7 V56_LMIN=3 V56_LAST=0 SAVE_OUT=oa1_9.npy python oracle_one.py 9 none none a1
a2_9	V29_WARM_JOIN=1 V29_WARM_FB=1 V17_R_RES=4 V26_STRASSEN=6 V26_STRASSEN_MIN=16 V32_JOIN_SMM=1 V32_ROT_SMM=1 V32_JOIN_POST=3 V32_JP_C=0.1 V21_R_OLD=320 V24_R_OLD2=192 V18_R_FB=2 V24_AGE_OLD2=8 V33_K4Q=3 V33_K4Q_RANK=4 V34_OPT=abcdefgj V33_SAT=-2.5 V35_SAT_ROUND=64 V35_SATC=1 V35_SKIP_JOIN_L2=1 V35_SB_MN=8 V35_CPRE_MN=8 V35_JN_MN=8 V52_FB_FOLD=1 V21_NO_CONFINE=1 V56_P4=2 V56_A=1.15 V56_B=0.7 V56_LMIN=3 V56_LAST=2 SAVE_OUT=oa2_9.npy python oracle_one.py 9 none none a2
a3_9	V29_WARM_JOIN=1 V29_WARM_FB=1 V17_R_RES=4 V26_STRASSEN=6 V26_STRASSEN_MIN=16 V32_JOIN_SMM=1 V32_ROT_SMM=1 V32_JOIN_POST=3 V32_JP_C=0.1 V21_R_OLD=320 V24_R_OLD2=192 V18_R_FB=2 V24_AGE_OLD2=8 V33_K4Q=3 V33_K4Q_RANK=4 V34_OPT=abcdefgj V33_SAT=-2.5 V35_SAT_ROUND=64 V35_SATC=1 V35_SKIP_JOIN_L2=1 V35_SB_MN=8 V35_CPRE_MN=8 V35_JN_MN=8 V52_FB_FOLD=1 V21_NO_CONFINE=1 V56_P4=2 V56_A=1 V56_B=1 V56_LMIN=3 V56_LAST=2 SAVE_OUT=oa3_9.npy python oracle_one.py 9 none none a3
a4_9	V29_WARM_JOIN=1 V29_WARM_FB=1 V17_R_RES=4 V26_STRASSEN=6 V26_STRASSEN_MIN=16 V32_JOIN_SMM=1 V32_ROT_SMM=1 V32_JOIN_POST=3 V32_JP_C=0.1 V21_R_OLD=320 V24_R_OLD2=192 V18_R_FB=2 V24_AGE_OLD2=8 V33_K4Q=3 V33_K4Q_RANK=4 V34_OPT=abcdefgj V33_SAT=-2.5 V35_SAT_ROUND=64 V35_SATC=1 V35_SKIP_JOIN_L2=1 V35_SB_MN=8 V35_CPRE_MN=8 V35_JN_MN=8 V52_FB_FOLD=1 V21_NO_CONFINE=1 V56_P4=2 V56_A=1.15 V56_B=0 V56_LMIN=3 V56_LAST=2 SAVE_OUT=oa4_9.npy python oracle_one.py 9 none none a4
nc_10	V29_WARM_JOIN=1 V29_WARM_FB=1 V17_R_RES=4 V26_STRASSEN=6 V26_STRASSEN_MIN=16 V32_JOIN_SMM=1 V32_ROT_SMM=1 V32_JOIN_POST=3 V32_JP_C=0.1 V21_R_OLD=320 V24_R_OLD2=192 V18_R_FB=2 V24_AGE_OLD2=8 V33_K4Q=3 V33_K4Q_RANK=4 V34_OPT=abcdefgj V33_SAT=-2.5 V35_SAT_ROUND=64 V35_SATC=1 V35_SKIP_JOIN_L2=1 V35_SB_MN=8 V35_CPRE_MN=8 V35_JN_MN=8 V52_FB_FOLD=1 V21_NO_CONFINE=1  SAVE_OUT=onc_10.npy python oracle_one.py 10 none none nc
m2fit_10	V29_WARM_JOIN=1 V29_WARM_FB=1 V17_R_RES=4 V26_STRASSEN=6 V26_STRASSEN_MIN=16 V32_JOIN_SMM=1 V32_ROT_SMM=1 V32_JOIN_POST=3 V32_JP_C=0.1 V21_R_OLD=320 V24_R_OLD2=192 V18_R_FB=2 V24_AGE_OLD2=8 V33_K4Q=3 V33_K4Q_RANK=4 V34_OPT=abcdefgj V33_SAT=-2.5 V35_SAT_ROUND=64 V35_SATC=1 V35_SKIP_JOIN_L2=1 V35_SB_MN=8 V35_CPRE_MN=8 V35_JN_MN=8 V52_FB_FOLD=1 V21_NO_CONFINE=1 V56_P4=2 V56_A=1.15 V56_B=0.7 SAVE_OUT=om2fit_10.npy python oracle_one.py 10 none none m2fit
m2der_10	V29_WARM_JOIN=1 V29_WARM_FB=1 V17_R_RES=4 V26_STRASSEN=6 V26_STRASSEN_MIN=16 V32_JOIN_SMM=1 V32_ROT_SMM=1 V32_JOIN_POST=3 V32_JP_C=0.1 V21_R_OLD=320 V24_R_OLD2=192 V18_R_FB=2 V24_AGE_OLD2=8 V33_K4Q=3 V33_K4Q_RANK=4 V34_OPT=abcdefgj V33_SAT=-2.5 V35_SAT_ROUND=64 V35_SATC=1 V35_SKIP_JOIN_L2=1 V35_SB_MN=8 V35_CPRE_MN=8 V35_JN_MN=8 V52_FB_FOLD=1 V21_NO_CONFINE=1 V56_P4=2 V56_A=1 V56_B=1 SAVE_OUT=om2der_10.npy python oracle_one.py 10 none none m2der
m1fit_10	V29_WARM_JOIN=1 V29_WARM_FB=1 V17_R_RES=4 V26_STRASSEN=6 V26_STRASSEN_MIN=16 V32_JOIN_SMM=1 V32_ROT_SMM=1 V32_JOIN_POST=3 V32_JP_C=0.1 V21_R_OLD=320 V24_R_OLD2=192 V18_R_FB=2 V24_AGE_OLD2=8 V33_K4Q=3 V33_K4Q_RANK=4 V34_OPT=abcdefgj V33_SAT=-2.5 V35_SAT_ROUND=64 V35_SATC=1 V35_SKIP_JOIN_L2=1 V35_SB_MN=8 V35_CPRE_MN=8 V35_JN_MN=8 V52_FB_FOLD=1 V21_NO_CONFINE=1 V56_P4=1 V56_A=1.15 V56_B=0.7 SAVE_OUT=om1fit_10.npy python oracle_one.py 10 none none m1fit
m2path_10	V29_WARM_JOIN=1 V29_WARM_FB=1 V17_R_RES=4 V26_STRASSEN=6 V26_STRASSEN_MIN=16 V32_JOIN_SMM=1 V32_ROT_SMM=1 V32_JOIN_POST=3 V32_JP_C=0.1 V21_R_OLD=320 V24_R_OLD2=192 V18_R_FB=2 V24_AGE_OLD2=8 V33_K4Q=3 V33_K4Q_RANK=4 V34_OPT=abcdefgj V33_SAT=-2.5 V35_SAT_ROUND=64 V35_SATC=1 V35_SKIP_JOIN_L2=1 V35_SB_MN=8 V35_CPRE_MN=8 V35_JN_MN=8 V52_FB_FOLD=1 V21_NO_CONFINE=1 V56_P4=2 V56_A=1.15 V56_B=0 SAVE_OUT=om2path_10.npy python oracle_one.py 10 none none m2path
m2star_10	V29_WARM_JOIN=1 V29_WARM_FB=1 V17_R_RES=4 V26_STRASSEN=6 V26_STRASSEN_MIN=16 V32_JOIN_SMM=1 V32_ROT_SMM=1 V32_JOIN_POST=3 V32_JP_C=0.1 V21_R_OLD=320 V24_R_OLD2=192 V18_R_FB=2 V24_AGE_OLD2=8 V33_K4Q=3 V33_K4Q_RANK=4 V34_OPT=abcdefgj V33_SAT=-2.5 V35_SAT_ROUND=64 V35_SATC=1 V35_SKIP_JOIN_L2=1 V35_SB_MN=8 V35_CPRE_MN=8 V35_JN_MN=8 V52_FB_FOLD=1 V21_NO_CONFINE=1 V56_P4=2 V56_A=0 V56_B=0.7 SAVE_OUT=om2star_10.npy python oracle_one.py 10 none none m2star
a1_10	V29_WARM_JOIN=1 V29_WARM_FB=1 V17_R_RES=4 V26_STRASSEN=6 V26_STRASSEN_MIN=16 V32_JOIN_SMM=1 V32_ROT_SMM=1 V32_JOIN_POST=3 V32_JP_C=0.1 V21_R_OLD=320 V24_R_OLD2=192 V18_R_FB=2 V24_AGE_OLD2=8 V33_K4Q=3 V33_K4Q_RANK=4 V34_OPT=abcdefgj V33_SAT=-2.5 V35_SAT_ROUND=64 V35_SATC=1 V35_SKIP_JOIN_L2=1 V35_SB_MN=8 V35_CPRE_MN=8 V35_JN_MN=8 V52_FB_FOLD=1 V21_NO_CONFINE=1 V56_P4=2 V56_A=1.15 V56_B=0.7 V56_LMIN=3 V56_LAST=0 SAVE_OUT=oa1_10.npy python oracle_one.py 10 none none a1
a2_10	V29_WARM_JOIN=1 V29_WARM_FB=1 V17_R_RES=4 V26_STRASSEN=6 V26_STRASSEN_MIN=16 V32_JOIN_SMM=1 V32_ROT_SMM=1 V32_JOIN_POST=3 V32_JP_C=0.1 V21_R_OLD=320 V24_R_OLD2=192 V18_R_FB=2 V24_AGE_OLD2=8 V33_K4Q=3 V33_K4Q_RANK=4 V34_OPT=abcdefgj V33_SAT=-2.5 V35_SAT_ROUND=64 V35_SATC=1 V35_SKIP_JOIN_L2=1 V35_SB_MN=8 V35_CPRE_MN=8 V35_JN_MN=8 V52_FB_FOLD=1 V21_NO_CONFINE=1 V56_P4=2 V56_A=1.15 V56_B=0.7 V56_LMIN=3 V56_LAST=2 SAVE_OUT=oa2_10.npy python oracle_one.py 10 none none a2
a3_10	V29_WARM_JOIN=1 V29_WARM_FB=1 V17_R_RES=4 V26_STRASSEN=6 V26_STRASSEN_MIN=16 V32_JOIN_SMM=1 V32_ROT_SMM=1 V32_JOIN_POST=3 V32_JP_C=0.1 V21_R_OLD=320 V24_R_OLD2=192 V18_R_FB=2 V24_AGE_OLD2=8 V33_K4Q=3 V33_K4Q_RANK=4 V34_OPT=abcdefgj V33_SAT=-2.5 V35_SAT_ROUND=64 V35_SATC=1 V35_SKIP_JOIN_L2=1 V35_SB_MN=8 V35_CPRE_MN=8 V35_JN_MN=8 V52_FB_FOLD=1 V21_NO_CONFINE=1 V56_P4=2 V56_A=1 V56_B=1 V56_LMIN=3 V56_LAST=2 SAVE_OUT=oa3_10.npy python oracle_one.py 10 none none a3
a4_10	V29_WARM_JOIN=1 V29_WARM_FB=1 V17_R_RES=4 V26_STRASSEN=6 V26_STRASSEN_MIN=16 V32_JOIN_SMM=1 V32_ROT_SMM=1 V32_JOIN_POST=3 V32_JP_C=0.1 V21_R_OLD=320 V24_R_OLD2=192 V18_R_FB=2 V24_AGE_OLD2=8 V33_K4Q=3 V33_K4Q_RANK=4 V34_OPT=abcdefgj V33_SAT=-2.5 V35_SAT_ROUND=64 V35_SATC=1 V35_SKIP_JOIN_L2=1 V35_SB_MN=8 V35_CPRE_MN=8 V35_JN_MN=8 V52_FB_FOLD=1 V21_NO_CONFINE=1 V56_P4=2 V56_A=1.15 V56_B=0 V56_LMIN=3 V56_LAST=2 SAVE_OUT=oa4_10.npy python oracle_one.py 10 none none a4
nc_11	V29_WARM_JOIN=1 V29_WARM_FB=1 V17_R_RES=4 V26_STRASSEN=6 V26_STRASSEN_MIN=16 V32_JOIN_SMM=1 V32_ROT_SMM=1 V32_JOIN_POST=3 V32_JP_C=0.1 V21_R_OLD=320 V24_R_OLD2=192 V18_R_FB=2 V24_AGE_OLD2=8 V33_K4Q=3 V33_K4Q_RANK=4 V34_OPT=abcdefgj V33_SAT=-2.5 V35_SAT_ROUND=64 V35_SATC=1 V35_SKIP_JOIN_L2=1 V35_SB_MN=8 V35_CPRE_MN=8 V35_JN_MN=8 V52_FB_FOLD=1 V21_NO_CONFINE=1  SAVE_OUT=onc_11.npy python oracle_one.py 11 none none nc
m2fit_11	V29_WARM_JOIN=1 V29_WARM_FB=1 V17_R_RES=4 V26_STRASSEN=6 V26_STRASSEN_MIN=16 V32_JOIN_SMM=1 V32_ROT_SMM=1 V32_JOIN_POST=3 V32_JP_C=0.1 V21_R_OLD=320 V24_R_OLD2=192 V18_R_FB=2 V24_AGE_OLD2=8 V33_K4Q=3 V33_K4Q_RANK=4 V34_OPT=abcdefgj V33_SAT=-2.5 V35_SAT_ROUND=64 V35_SATC=1 V35_SKIP_JOIN_L2=1 V35_SB_MN=8 V35_CPRE_MN=8 V35_JN_MN=8 V52_FB_FOLD=1 V21_NO_CONFINE=1 V56_P4=2 V56_A=1.15 V56_B=0.7 SAVE_OUT=om2fit_11.npy python oracle_one.py 11 none none m2fit
m2der_11	V29_WARM_JOIN=1 V29_WARM_FB=1 V17_R_RES=4 V26_STRASSEN=6 V26_STRASSEN_MIN=16 V32_JOIN_SMM=1 V32_ROT_SMM=1 V32_JOIN_POST=3 V32_JP_C=0.1 V21_R_OLD=320 V24_R_OLD2=192 V18_R_FB=2 V24_AGE_OLD2=8 V33_K4Q=3 V33_K4Q_RANK=4 V34_OPT=abcdefgj V33_SAT=-2.5 V35_SAT_ROUND=64 V35_SATC=1 V35_SKIP_JOIN_L2=1 V35_SB_MN=8 V35_CPRE_MN=8 V35_JN_MN=8 V52_FB_FOLD=1 V21_NO_CONFINE=1 V56_P4=2 V56_A=1 V56_B=1 SAVE_OUT=om2der_11.npy python oracle_one.py 11 none none m2der
m1fit_11	V29_WARM_JOIN=1 V29_WARM_FB=1 V17_R_RES=4 V26_STRASSEN=6 V26_STRASSEN_MIN=16 V32_JOIN_SMM=1 V32_ROT_SMM=1 V32_JOIN_POST=3 V32_JP_C=0.1 V21_R_OLD=320 V24_R_OLD2=192 V18_R_FB=2 V24_AGE_OLD2=8 V33_K4Q=3 V33_K4Q_RANK=4 V34_OPT=abcdefgj V33_SAT=-2.5 V35_SAT_ROUND=64 V35_SATC=1 V35_SKIP_JOIN_L2=1 V35_SB_MN=8 V35_CPRE_MN=8 V35_JN_MN=8 V52_FB_FOLD=1 V21_NO_CONFINE=1 V56_P4=1 V56_A=1.15 V56_B=0.7 SAVE_OUT=om1fit_11.npy python oracle_one.py 11 none none m1fit
m2path_11	V29_WARM_JOIN=1 V29_WARM_FB=1 V17_R_RES=4 V26_STRASSEN=6 V26_STRASSEN_MIN=16 V32_JOIN_SMM=1 V32_ROT_SMM=1 V32_JOIN_POST=3 V32_JP_C=0.1 V21_R_OLD=320 V24_R_OLD2=192 V18_R_FB=2 V24_AGE_OLD2=8 V33_K4Q=3 V33_K4Q_RANK=4 V34_OPT=abcdefgj V33_SAT=-2.5 V35_SAT_ROUND=64 V35_SATC=1 V35_SKIP_JOIN_L2=1 V35_SB_MN=8 V35_CPRE_MN=8 V35_JN_MN=8 V52_FB_FOLD=1 V21_NO_CONFINE=1 V56_P4=2 V56_A=1.15 V56_B=0 SAVE_OUT=om2path_11.npy python oracle_one.py 11 none none m2path
m2star_11	V29_WARM_JOIN=1 V29_WARM_FB=1 V17_R_RES=4 V26_STRASSEN=6 V26_STRASSEN_MIN=16 V32_JOIN_SMM=1 V32_ROT_SMM=1 V32_JOIN_POST=3 V32_JP_C=0.1 V21_R_OLD=320 V24_R_OLD2=192 V18_R_FB=2 V24_AGE_OLD2=8 V33_K4Q=3 V33_K4Q_RANK=4 V34_OPT=abcdefgj V33_SAT=-2.5 V35_SAT_ROUND=64 V35_SATC=1 V35_SKIP_JOIN_L2=1 V35_SB_MN=8 V35_CPRE_MN=8 V35_JN_MN=8 V52_FB_FOLD=1 V21_NO_CONFINE=1 V56_P4=2 V56_A=0 V56_B=0.7 SAVE_OUT=om2star_11.npy python oracle_one.py 11 none none m2star
a1_11	V29_WARM_JOIN=1 V29_WARM_FB=1 V17_R_RES=4 V26_STRASSEN=6 V26_STRASSEN_MIN=16 V32_JOIN_SMM=1 V32_ROT_SMM=1 V32_JOIN_POST=3 V32_JP_C=0.1 V21_R_OLD=320 V24_R_OLD2=192 V18_R_FB=2 V24_AGE_OLD2=8 V33_K4Q=3 V33_K4Q_RANK=4 V34_OPT=abcdefgj V33_SAT=-2.5 V35_SAT_ROUND=64 V35_SATC=1 V35_SKIP_JOIN_L2=1 V35_SB_MN=8 V35_CPRE_MN=8 V35_JN_MN=8 V52_FB_FOLD=1 V21_NO_CONFINE=1 V56_P4=2 V56_A=1.15 V56_B=0.7 V56_LMIN=3 V56_LAST=0 SAVE_OUT=oa1_11.npy python oracle_one.py 11 none none a1
a2_11	V29_WARM_JOIN=1 V29_WARM_FB=1 V17_R_RES=4 V26_STRASSEN=6 V26_STRASSEN_MIN=16 V32_JOIN_SMM=1 V32_ROT_SMM=1 V32_JOIN_POST=3 V32_JP_C=0.1 V21_R_OLD=320 V24_R_OLD2=192 V18_R_FB=2 V24_AGE_OLD2=8 V33_K4Q=3 V33_K4Q_RANK=4 V34_OPT=abcdefgj V33_SAT=-2.5 V35_SAT_ROUND=64 V35_SATC=1 V35_SKIP_JOIN_L2=1 V35_SB_MN=8 V35_CPRE_MN=8 V35_JN_MN=8 V52_FB_FOLD=1 V21_NO_CONFINE=1 V56_P4=2 V56_A=1.15 V56_B=0.7 V56_LMIN=3 V56_LAST=2 SAVE_OUT=oa2_11.npy python oracle_one.py 11 none none a2
a3_11	V29_WARM_JOIN=1 V29_WARM_FB=1 V17_R_RES=4 V26_STRASSEN=6 V26_STRASSEN_MIN=16 V32_JOIN_SMM=1 V32_ROT_SMM=1 V32_JOIN_POST=3 V32_JP_C=0.1 V21_R_OLD=320 V24_R_OLD2=192 V18_R_FB=2 V24_AGE_OLD2=8 V33_K4Q=3 V33_K4Q_RANK=4 V34_OPT=abcdefgj V33_SAT=-2.5 V35_SAT_ROUND=64 V35_SATC=1 V35_SKIP_JOIN_L2=1 V35_SB_MN=8 V35_CPRE_MN=8 V35_JN_MN=8 V52_FB_FOLD=1 V21_NO_CONFINE=1 V56_P4=2 V56_A=1 V56_B=1 V56_LMIN=3 V56_LAST=2 SAVE_OUT=oa3_11.npy python oracle_one.py 11 none none a3
a4_11	V29_WARM_JOIN=1 V29_WARM_FB=1 V17_R_RES=4 V26_STRASSEN=6 V26_STRASSEN_MIN=16 V32_JOIN_SMM=1 V32_ROT_SMM=1 V32_JOIN_POST=3 V32_JP_C=0.1 V21_R_OLD=320 V24_R_OLD2=192 V18_R_FB=2 V24_AGE_OLD2=8 V33_K4Q=3 V33_K4Q_RANK=4 V34_OPT=abcdefgj V33_SAT=-2.5 V35_SAT_ROUND=64 V35_SATC=1 V35_SKIP_JOIN_L2=1 V35_SB_MN=8 V35_CPRE_MN=8 V35_JN_MN=8 V52_FB_FOLD=1 V21_NO_CONFINE=1 V56_P4=2 V56_A=1.15 V56_B=0 V56_LMIN=3 V56_LAST=2 SAVE_OUT=oa4_11.npy python oracle_one.py 11 none none a4
nc_12	V29_WARM_JOIN=1 V29_WARM_FB=1 V17_R_RES=4 V26_STRASSEN=6 V26_STRASSEN_MIN=16 V32_JOIN_SMM=1 V32_ROT_SMM=1 V32_JOIN_POST=3 V32_JP_C=0.1 V21_R_OLD=320 V24_R_OLD2=192 V18_R_FB=2 V24_AGE_OLD2=8 V33_K4Q=3 V33_K4Q_RANK=4 V34_OPT=abcdefgj V33_SAT=-2.5 V35_SAT_ROUND=64 V35_SATC=1 V35_SKIP_JOIN_L2=1 V35_SB_MN=8 V35_CPRE_MN=8 V35_JN_MN=8 V52_FB_FOLD=1 V21_NO_CONFINE=1  SAVE_OUT=onc_12.npy python oracle_one.py 12 none none nc
m2fit_12	V29_WARM_JOIN=1 V29_WARM_FB=1 V17_R_RES=4 V26_STRASSEN=6 V26_STRASSEN_MIN=16 V32_JOIN_SMM=1 V32_ROT_SMM=1 V32_JOIN_POST=3 V32_JP_C=0.1 V21_R_OLD=320 V24_R_OLD2=192 V18_R_FB=2 V24_AGE_OLD2=8 V33_K4Q=3 V33_K4Q_RANK=4 V34_OPT=abcdefgj V33_SAT=-2.5 V35_SAT_ROUND=64 V35_SATC=1 V35_SKIP_JOIN_L2=1 V35_SB_MN=8 V35_CPRE_MN=8 V35_JN_MN=8 V52_FB_FOLD=1 V21_NO_CONFINE=1 V56_P4=2 V56_A=1.15 V56_B=0.7 SAVE_OUT=om2fit_12.npy python oracle_one.py 12 none none m2fit
m2der_12	V29_WARM_JOIN=1 V29_WARM_FB=1 V17_R_RES=4 V26_STRASSEN=6 V26_STRASSEN_MIN=16 V32_JOIN_SMM=1 V32_ROT_SMM=1 V32_JOIN_POST=3 V32_JP_C=0.1 V21_R_OLD=320 V24_R_OLD2=192 V18_R_FB=2 V24_AGE_OLD2=8 V33_K4Q=3 V33_K4Q_RANK=4 V34_OPT=abcdefgj V33_SAT=-2.5 V35_SAT_ROUND=64 V35_SATC=1 V35_SKIP_JOIN_L2=1 V35_SB_MN=8 V35_CPRE_MN=8 V35_JN_MN=8 V52_FB_FOLD=1 V21_NO_CONFINE=1 V56_P4=2 V56_A=1 V56_B=1 SAVE_OUT=om2der_12.npy python oracle_one.py 12 none none m2der
m1fit_12	V29_WARM_JOIN=1 V29_WARM_FB=1 V17_R_RES=4 V26_STRASSEN=6 V26_STRASSEN_MIN=16 V32_JOIN_SMM=1 V32_ROT_SMM=1 V32_JOIN_POST=3 V32_JP_C=0.1 V21_R_OLD=320 V24_R_OLD2=192 V18_R_FB=2 V24_AGE_OLD2=8 V33_K4Q=3 V33_K4Q_RANK=4 V34_OPT=abcdefgj V33_SAT=-2.5 V35_SAT_ROUND=64 V35_SATC=1 V35_SKIP_JOIN_L2=1 V35_SB_MN=8 V35_CPRE_MN=8 V35_JN_MN=8 V52_FB_FOLD=1 V21_NO_CONFINE=1 V56_P4=1 V56_A=1.15 V56_B=0.7 SAVE_OUT=om1fit_12.npy python oracle_one.py 12 none none m1fit
m2path_12	V29_WARM_JOIN=1 V29_WARM_FB=1 V17_R_RES=4 V26_STRASSEN=6 V26_STRASSEN_MIN=16 V32_JOIN_SMM=1 V32_ROT_SMM=1 V32_JOIN_POST=3 V32_JP_C=0.1 V21_R_OLD=320 V24_R_OLD2=192 V18_R_FB=2 V24_AGE_OLD2=8 V33_K4Q=3 V33_K4Q_RANK=4 V34_OPT=abcdefgj V33_SAT=-2.5 V35_SAT_ROUND=64 V35_SATC=1 V35_SKIP_JOIN_L2=1 V35_SB_MN=8 V35_CPRE_MN=8 V35_JN_MN=8 V52_FB_FOLD=1 V21_NO_CONFINE=1 V56_P4=2 V56_A=1.15 V56_B=0 SAVE_OUT=om2path_12.npy python oracle_one.py 12 none none m2path
m2star_12	V29_WARM_JOIN=1 V29_WARM_FB=1 V17_R_RES=4 V26_STRASSEN=6 V26_STRASSEN_MIN=16 V32_JOIN_SMM=1 V32_ROT_SMM=1 V32_JOIN_POST=3 V32_JP_C=0.1 V21_R_OLD=320 V24_R_OLD2=192 V18_R_FB=2 V24_AGE_OLD2=8 V33_K4Q=3 V33_K4Q_RANK=4 V34_OPT=abcdefgj V33_SAT=-2.5 V35_SAT_ROUND=64 V35_SATC=1 V35_SKIP_JOIN_L2=1 V35_SB_MN=8 V35_CPRE_MN=8 V35_JN_MN=8 V52_FB_FOLD=1 V21_NO_CONFINE=1 V56_P4=2 V56_A=0 V56_B=0.7 SAVE_OUT=om2star_12.npy python oracle_one.py 12 none none m2star
a1_12	V29_WARM_JOIN=1 V29_WARM_FB=1 V17_R_RES=4 V26_STRASSEN=6 V26_STRASSEN_MIN=16 V32_JOIN_SMM=1 V32_ROT_SMM=1 V32_JOIN_POST=3 V32_JP_C=0.1 V21_R_OLD=320 V24_R_OLD2=192 V18_R_FB=2 V24_AGE_OLD2=8 V33_K4Q=3 V33_K4Q_RANK=4 V34_OPT=abcdefgj V33_SAT=-2.5 V35_SAT_ROUND=64 V35_SATC=1 V35_SKIP_JOIN_L2=1 V35_SB_MN=8 V35_CPRE_MN=8 V35_JN_MN=8 V52_FB_FOLD=1 V21_NO_CONFINE=1 V56_P4=2 V56_A=1.15 V56_B=0.7 V56_LMIN=3 V56_LAST=0 SAVE_OUT=oa1_12.npy python oracle_one.py 12 none none a1
a2_12	V29_WARM_JOIN=1 V29_WARM_FB=1 V17_R_RES=4 V26_STRASSEN=6 V26_STRASSEN_MIN=16 V32_JOIN_SMM=1 V32_ROT_SMM=1 V32_JOIN_POST=3 V32_JP_C=0.1 V21_R_OLD=320 V24_R_OLD2=192 V18_R_FB=2 V24_AGE_OLD2=8 V33_K4Q=3 V33_K4Q_RANK=4 V34_OPT=abcdefgj V33_SAT=-2.5 V35_SAT_ROUND=64 V35_SATC=1 V35_SKIP_JOIN_L2=1 V35_SB_MN=8 V35_CPRE_MN=8 V35_JN_MN=8 V52_FB_FOLD=1 V21_NO_CONFINE=1 V56_P4=2 V56_A=1.15 V56_B=0.7 V56_LMIN=3 V56_LAST=2 SAVE_OUT=oa2_12.npy python oracle_one.py 12 none none a2
a3_12	V29_WARM_JOIN=1 V29_WARM_FB=1 V17_R_RES=4 V26_STRASSEN=6 V26_STRASSEN_MIN=16 V32_JOIN_SMM=1 V32_ROT_SMM=1 V32_JOIN_POST=3 V32_JP_C=0.1 V21_R_OLD=320 V24_R_OLD2=192 V18_R_FB=2 V24_AGE_OLD2=8 V33_K4Q=3 V33_K4Q_RANK=4 V34_OPT=abcdefgj V33_SAT=-2.5 V35_SAT_ROUND=64 V35_SATC=1 V35_SKIP_JOIN_L2=1 V35_SB_MN=8 V35_CPRE_MN=8 V35_JN_MN=8 V52_FB_FOLD=1 V21_NO_CONFINE=1 V56_P4=2 V56_A=1 V56_B=1 V56_LMIN=3 V56_LAST=2 SAVE_OUT=oa3_12.npy python oracle_one.py 12 none none a3
a4_12	V29_WARM_JOIN=1 V29_WARM_FB=1 V17_R_RES=4 V26_STRASSEN=6 V26_STRASSEN_MIN=16 V32_JOIN_SMM=1 V32_ROT_SMM=1 V32_JOIN_POST=3 V32_JP_C=0.1 V21_R_OLD=320 V24_R_OLD2=192 V18_R_FB=2 V24_AGE_OLD2=8 V33_K4Q=3 V33_K4Q_RANK=4 V34_OPT=abcdefgj V33_SAT=-2.5 V35_SAT_ROUND=64 V35_SATC=1 V35_SKIP_JOIN_L2=1 V35_SB_MN=8 V35_CPRE_MN=8 V35_JN_MN=8 V52_FB_FOLD=1 V21_NO_CONFINE=1 V56_P4=2 V56_A=1.15 V56_B=0 V56_LMIN=3 V56_LAST=2 SAVE_OUT=oa4_12.npy python oracle_one.py 12 none none a4
nc_13	V29_WARM_JOIN=1 V29_WARM_FB=1 V17_R_RES=4 V26_STRASSEN=6 V26_STRASSEN_MIN=16 V32_JOIN_SMM=1 V32_ROT_SMM=1 V32_JOIN_POST=3 V32_JP_C=0.1 V21_R_OLD=320 V24_R_OLD2=192 V18_R_FB=2 V24_AGE_OLD2=8 V33_K4Q=3 V33_K4Q_RANK=4 V34_OPT=abcdefgj V33_SAT=-2.5 V35_SAT_ROUND=64 V35_SATC=1 V35_SKIP_JOIN_L2=1 V35_SB_MN=8 V35_CPRE_MN=8 V35_JN_MN=8 V52_FB_FOLD=1 V21_NO_CONFINE=1  SAVE_OUT=onc_13.npy python oracle_one.py 13 none none nc
m2fit_13	V29_WARM_JOIN=1 V29_WARM_FB=1 V17_R_RES=4 V26_STRASSEN=6 V26_STRASSEN_MIN=16 V32_JOIN_SMM=1 V32_ROT_SMM=1 V32_JOIN_POST=3 V32_JP_C=0.1 V21_R_OLD=320 V24_R_OLD2=192 V18_R_FB=2 V24_AGE_OLD2=8 V33_K4Q=3 V33_K4Q_RANK=4 V34_OPT=abcdefgj V33_SAT=-2.5 V35_SAT_ROUND=64 V35_SATC=1 V35_SKIP_JOIN_L2=1 V35_SB_MN=8 V35_CPRE_MN=8 V35_JN_MN=8 V52_FB_FOLD=1 V21_NO_CONFINE=1 V56_P4=2 V56_A=1.15 V56_B=0.7 SAVE_OUT=om2fit_13.npy python oracle_one.py 13 none none m2fit
m2der_13	V29_WARM_JOIN=1 V29_WARM_FB=1 V17_R_RES=4 V26_STRASSEN=6 V26_STRASSEN_MIN=16 V32_JOIN_SMM=1 V32_ROT_SMM=1 V32_JOIN_POST=3 V32_JP_C=0.1 V21_R_OLD=320 V24_R_OLD2=192 V18_R_FB=2 V24_AGE_OLD2=8 V33_K4Q=3 V33_K4Q_RANK=4 V34_OPT=abcdefgj V33_SAT=-2.5 V35_SAT_ROUND=64 V35_SATC=1 V35_SKIP_JOIN_L2=1 V35_SB_MN=8 V35_CPRE_MN=8 V35_JN_MN=8 V52_FB_FOLD=1 V21_NO_CONFINE=1 V56_P4=2 V56_A=1 V56_B=1 SAVE_OUT=om2der_13.npy python oracle_one.py 13 none none m2der
m1fit_13	V29_WARM_JOIN=1 V29_WARM_FB=1 V17_R_RES=4 V26_STRASSEN=6 V26_STRASSEN_MIN=16 V32_JOIN_SMM=1 V32_ROT_SMM=1 V32_JOIN_POST=3 V32_JP_C=0.1 V21_R_OLD=320 V24_R_OLD2=192 V18_R_FB=2 V24_AGE_OLD2=8 V33_K4Q=3 V33_K4Q_RANK=4 V34_OPT=abcdefgj V33_SAT=-2.5 V35_SAT_ROUND=64 V35_SATC=1 V35_SKIP_JOIN_L2=1 V35_SB_MN=8 V35_CPRE_MN=8 V35_JN_MN=8 V52_FB_FOLD=1 V21_NO_CONFINE=1 V56_P4=1 V56_A=1.15 V56_B=0.7 SAVE_OUT=om1fit_13.npy python oracle_one.py 13 none none m1fit
m2path_13	V29_WARM_JOIN=1 V29_WARM_FB=1 V17_R_RES=4 V26_STRASSEN=6 V26_STRASSEN_MIN=16 V32_JOIN_SMM=1 V32_ROT_SMM=1 V32_JOIN_POST=3 V32_JP_C=0.1 V21_R_OLD=320 V24_R_OLD2=192 V18_R_FB=2 V24_AGE_OLD2=8 V33_K4Q=3 V33_K4Q_RANK=4 V34_OPT=abcdefgj V33_SAT=-2.5 V35_SAT_ROUND=64 V35_SATC=1 V35_SKIP_JOIN_L2=1 V35_SB_MN=8 V35_CPRE_MN=8 V35_JN_MN=8 V52_FB_FOLD=1 V21_NO_CONFINE=1 V56_P4=2 V56_A=1.15 V56_B=0 SAVE_OUT=om2path_13.npy python oracle_one.py 13 none none m2path
m2star_13	V29_WARM_JOIN=1 V29_WARM_FB=1 V17_R_RES=4 V26_STRASSEN=6 V26_STRASSEN_MIN=16 V32_JOIN_SMM=1 V32_ROT_SMM=1 V32_JOIN_POST=3 V32_JP_C=0.1 V21_R_OLD=320 V24_R_OLD2=192 V18_R_FB=2 V24_AGE_OLD2=8 V33_K4Q=3 V33_K4Q_RANK=4 V34_OPT=abcdefgj V33_SAT=-2.5 V35_SAT_ROUND=64 V35_SATC=1 V35_SKIP_JOIN_L2=1 V35_SB_MN=8 V35_CPRE_MN=8 V35_JN_MN=8 V52_FB_FOLD=1 V21_NO_CONFINE=1 V56_P4=2 V56_A=0 V56_B=0.7 SAVE_OUT=om2star_13.npy python oracle_one.py 13 none none m2star
a1_13	V29_WARM_JOIN=1 V29_WARM_FB=1 V17_R_RES=4 V26_STRASSEN=6 V26_STRASSEN_MIN=16 V32_JOIN_SMM=1 V32_ROT_SMM=1 V32_JOIN_POST=3 V32_JP_C=0.1 V21_R_OLD=320 V24_R_OLD2=192 V18_R_FB=2 V24_AGE_OLD2=8 V33_K4Q=3 V33_K4Q_RANK=4 V34_OPT=abcdefgj V33_SAT=-2.5 V35_SAT_ROUND=64 V35_SATC=1 V35_SKIP_JOIN_L2=1 V35_SB_MN=8 V35_CPRE_MN=8 V35_JN_MN=8 V52_FB_FOLD=1 V21_NO_CONFINE=1 V56_P4=2 V56_A=1.15 V56_B=0.7 V56_LMIN=3 V56_LAST=0 SAVE_OUT=oa1_13.npy python oracle_one.py 13 none none a1
a2_13	V29_WARM_JOIN=1 V29_WARM_FB=1 V17_R_RES=4 V26_STRASSEN=6 V26_STRASSEN_MIN=16 V32_JOIN_SMM=1 V32_ROT_SMM=1 V32_JOIN_POST=3 V32_JP_C=0.1 V21_R_OLD=320 V24_R_OLD2=192 V18_R_FB=2 V24_AGE_OLD2=8 V33_K4Q=3 V33_K4Q_RANK=4 V34_OPT=abcdefgj V33_SAT=-2.5 V35_SAT_ROUND=64 V35_SATC=1 V35_SKIP_JOIN_L2=1 V35_SB_MN=8 V35_CPRE_MN=8 V35_JN_MN=8 V52_FB_FOLD=1 V21_NO_CONFINE=1 V56_P4=2 V56_A=1.15 V56_B=0.7 V56_LMIN=3 V56_LAST=2 SAVE_OUT=oa2_13.npy python oracle_one.py 13 none none a2
a3_13	V29_WARM_JOIN=1 V29_WARM_FB=1 V17_R_RES=4 V26_STRASSEN=6 V26_STRASSEN_MIN=16 V32_JOIN_SMM=1 V32_ROT_SMM=1 V32_JOIN_POST=3 V32_JP_C=0.1 V21_R_OLD=320 V24_R_OLD2=192 V18_R_FB=2 V24_AGE_OLD2=8 V33_K4Q=3 V33_K4Q_RANK=4 V34_OPT=abcdefgj V33_SAT=-2.5 V35_SAT_ROUND=64 V35_SATC=1 V35_SKIP_JOIN_L2=1 V35_SB_MN=8 V35_CPRE_MN=8 V35_JN_MN=8 V52_FB_FOLD=1 V21_NO_CONFINE=1 V56_P4=2 V56_A=1 V56_B=1 V56_LMIN=3 V56_LAST=2 SAVE_OUT=oa3_13.npy python oracle_one.py 13 none none a3
a4_13	V29_WARM_JOIN=1 V29_WARM_FB=1 V17_R_RES=4 V26_STRASSEN=6 V26_STRASSEN_MIN=16 V32_JOIN_SMM=1 V32_ROT_SMM=1 V32_JOIN_POST=3 V32_JP_C=0.1 V21_R_OLD=320 V24_R_OLD2=192 V18_R_FB=2 V24_AGE_OLD2=8 V33_K4Q=3 V33_K4Q_RANK=4 V34_OPT=abcdefgj V33_SAT=-2.5 V35_SAT_ROUND=64 V35_SATC=1 V35_SKIP_JOIN_L2=1 V35_SB_MN=8 V35_CPRE_MN=8 V35_JN_MN=8 V52_FB_FOLD=1 V21_NO_CONFINE=1 V56_P4=2 V56_A=1.15 V56_B=0 V56_LMIN=3 V56_LAST=2 SAVE_OUT=oa4_13.npy python oracle_one.py 13 none none a4
nc_14	V29_WARM_JOIN=1 V29_WARM_FB=1 V17_R_RES=4 V26_STRASSEN=6 V26_STRASSEN_MIN=16 V32_JOIN_SMM=1 V32_ROT_SMM=1 V32_JOIN_POST=3 V32_JP_C=0.1 V21_R_OLD=320 V24_R_OLD2=192 V18_R_FB=2 V24_AGE_OLD2=8 V33_K4Q=3 V33_K4Q_RANK=4 V34_OPT=abcdefgj V33_SAT=-2.5 V35_SAT_ROUND=64 V35_SATC=1 V35_SKIP_JOIN_L2=1 V35_SB_MN=8 V35_CPRE_MN=8 V35_JN_MN=8 V52_FB_FOLD=1 V21_NO_CONFINE=1  SAVE_OUT=onc_14.npy python oracle_one.py 14 none none nc
m2fit_14	V29_WARM_JOIN=1 V29_WARM_FB=1 V17_R_RES=4 V26_STRASSEN=6 V26_STRASSEN_MIN=16 V32_JOIN_SMM=1 V32_ROT_SMM=1 V32_JOIN_POST=3 V32_JP_C=0.1 V21_R_OLD=320 V24_R_OLD2=192 V18_R_FB=2 V24_AGE_OLD2=8 V33_K4Q=3 V33_K4Q_RANK=4 V34_OPT=abcdefgj V33_SAT=-2.5 V35_SAT_ROUND=64 V35_SATC=1 V35_SKIP_JOIN_L2=1 V35_SB_MN=8 V35_CPRE_MN=8 V35_JN_MN=8 V52_FB_FOLD=1 V21_NO_CONFINE=1 V56_P4=2 V56_A=1.15 V56_B=0.7 SAVE_OUT=om2fit_14.npy python oracle_one.py 14 none none m2fit
m2der_14	V29_WARM_JOIN=1 V29_WARM_FB=1 V17_R_RES=4 V26_STRASSEN=6 V26_STRASSEN_MIN=16 V32_JOIN_SMM=1 V32_ROT_SMM=1 V32_JOIN_POST=3 V32_JP_C=0.1 V21_R_OLD=320 V24_R_OLD2=192 V18_R_FB=2 V24_AGE_OLD2=8 V33_K4Q=3 V33_K4Q_RANK=4 V34_OPT=abcdefgj V33_SAT=-2.5 V35_SAT_ROUND=64 V35_SATC=1 V35_SKIP_JOIN_L2=1 V35_SB_MN=8 V35_CPRE_MN=8 V35_JN_MN=8 V52_FB_FOLD=1 V21_NO_CONFINE=1 V56_P4=2 V56_A=1 V56_B=1 SAVE_OUT=om2der_14.npy python oracle_one.py 14 none none m2der
m1fit_14	V29_WARM_JOIN=1 V29_WARM_FB=1 V17_R_RES=4 V26_STRASSEN=6 V26_STRASSEN_MIN=16 V32_JOIN_SMM=1 V32_ROT_SMM=1 V32_JOIN_POST=3 V32_JP_C=0.1 V21_R_OLD=320 V24_R_OLD2=192 V18_R_FB=2 V24_AGE_OLD2=8 V33_K4Q=3 V33_K4Q_RANK=4 V34_OPT=abcdefgj V33_SAT=-2.5 V35_SAT_ROUND=64 V35_SATC=1 V35_SKIP_JOIN_L2=1 V35_SB_MN=8 V35_CPRE_MN=8 V35_JN_MN=8 V52_FB_FOLD=1 V21_NO_CONFINE=1 V56_P4=1 V56_A=1.15 V56_B=0.7 SAVE_OUT=om1fit_14.npy python oracle_one.py 14 none none m1fit
m2path_14	V29_WARM_JOIN=1 V29_WARM_FB=1 V17_R_RES=4 V26_STRASSEN=6 V26_STRASSEN_MIN=16 V32_JOIN_SMM=1 V32_ROT_SMM=1 V32_JOIN_POST=3 V32_JP_C=0.1 V21_R_OLD=320 V24_R_OLD2=192 V18_R_FB=2 V24_AGE_OLD2=8 V33_K4Q=3 V33_K4Q_RANK=4 V34_OPT=abcdefgj V33_SAT=-2.5 V35_SAT_ROUND=64 V35_SATC=1 V35_SKIP_JOIN_L2=1 V35_SB_MN=8 V35_CPRE_MN=8 V35_JN_MN=8 V52_FB_FOLD=1 V21_NO_CONFINE=1 V56_P4=2 V56_A=1.15 V56_B=0 SAVE_OUT=om2path_14.npy python oracle_one.py 14 none none m2path
m2star_14	V29_WARM_JOIN=1 V29_WARM_FB=1 V17_R_RES=4 V26_STRASSEN=6 V26_STRASSEN_MIN=16 V32_JOIN_SMM=1 V32_ROT_SMM=1 V32_JOIN_POST=3 V32_JP_C=0.1 V21_R_OLD=320 V24_R_OLD2=192 V18_R_FB=2 V24_AGE_OLD2=8 V33_K4Q=3 V33_K4Q_RANK=4 V34_OPT=abcdefgj V33_SAT=-2.5 V35_SAT_ROUND=64 V35_SATC=1 V35_SKIP_JOIN_L2=1 V35_SB_MN=8 V35_CPRE_MN=8 V35_JN_MN=8 V52_FB_FOLD=1 V21_NO_CONFINE=1 V56_P4=2 V56_A=0 V56_B=0.7 SAVE_OUT=om2star_14.npy python oracle_one.py 14 none none m2star
a1_14	V29_WARM_JOIN=1 V29_WARM_FB=1 V17_R_RES=4 V26_STRASSEN=6 V26_STRASSEN_MIN=16 V32_JOIN_SMM=1 V32_ROT_SMM=1 V32_JOIN_POST=3 V32_JP_C=0.1 V21_R_OLD=320 V24_R_OLD2=192 V18_R_FB=2 V24_AGE_OLD2=8 V33_K4Q=3 V33_K4Q_RANK=4 V34_OPT=abcdefgj V33_SAT=-2.5 V35_SAT_ROUND=64 V35_SATC=1 V35_SKIP_JOIN_L2=1 V35_SB_MN=8 V35_CPRE_MN=8 V35_JN_MN=8 V52_FB_FOLD=1 V21_NO_CONFINE=1 V56_P4=2 V56_A=1.15 V56_B=0.7 V56_LMIN=3 V56_LAST=0 SAVE_OUT=oa1_14.npy python oracle_one.py 14 none none a1
a2_14	V29_WARM_JOIN=1 V29_WARM_FB=1 V17_R_RES=4 V26_STRASSEN=6 V26_STRASSEN_MIN=16 V32_JOIN_SMM=1 V32_ROT_SMM=1 V32_JOIN_POST=3 V32_JP_C=0.1 V21_R_OLD=320 V24_R_OLD2=192 V18_R_FB=2 V24_AGE_OLD2=8 V33_K4Q=3 V33_K4Q_RANK=4 V34_OPT=abcdefgj V33_SAT=-2.5 V35_SAT_ROUND=64 V35_SATC=1 V35_SKIP_JOIN_L2=1 V35_SB_MN=8 V35_CPRE_MN=8 V35_JN_MN=8 V52_FB_FOLD=1 V21_NO_CONFINE=1 V56_P4=2 V56_A=1.15 V56_B=0.7 V56_LMIN=3 V56_LAST=2 SAVE_OUT=oa2_14.npy python oracle_one.py 14 none none a2
a3_14	V29_WARM_JOIN=1 V29_WARM_FB=1 V17_R_RES=4 V26_STRASSEN=6 V26_STRASSEN_MIN=16 V32_JOIN_SMM=1 V32_ROT_SMM=1 V32_JOIN_POST=3 V32_JP_C=0.1 V21_R_OLD=320 V24_R_OLD2=192 V18_R_FB=2 V24_AGE_OLD2=8 V33_K4Q=3 V33_K4Q_RANK=4 V34_OPT=abcdefgj V33_SAT=-2.5 V35_SAT_ROUND=64 V35_SATC=1 V35_SKIP_JOIN_L2=1 V35_SB_MN=8 V35_CPRE_MN=8 V35_JN_MN=8 V52_FB_FOLD=1 V21_NO_CONFINE=1 V56_P4=2 V56_A=1 V56_B=1 V56_LMIN=3 V56_LAST=2 SAVE_OUT=oa3_14.npy python oracle_one.py 14 none none a3
a4_14	V29_WARM_JOIN=1 V29_WARM_FB=1 V17_R_RES=4 V26_STRASSEN=6 V26_STRASSEN_MIN=16 V32_JOIN_SMM=1 V32_ROT_SMM=1 V32_JOIN_POST=3 V32_JP_C=0.1 V21_R_OLD=320 V24_R_OLD2=192 V18_R_FB=2 V24_AGE_OLD2=8 V33_K4Q=3 V33_K4Q_RANK=4 V34_OPT=abcdefgj V33_SAT=-2.5 V35_SAT_ROUND=64 V35_SATC=1 V35_SKIP_JOIN_L2=1 V35_SB_MN=8 V35_CPRE_MN=8 V35_JN_MN=8 V52_FB_FOLD=1 V21_NO_CONFINE=1 V56_P4=2 V56_A=1.15 V56_B=0 V56_LMIN=3 V56_LAST=2 SAVE_OUT=oa4_14.npy python oracle_one.py 14 none none a4
nc_15	V29_WARM_JOIN=1 V29_WARM_FB=1 V17_R_RES=4 V26_STRASSEN=6 V26_STRASSEN_MIN=16 V32_JOIN_SMM=1 V32_ROT_SMM=1 V32_JOIN_POST=3 V32_JP_C=0.1 V21_R_OLD=320 V24_R_OLD2=192 V18_R_FB=2 V24_AGE_OLD2=8 V33_K4Q=3 V33_K4Q_RANK=4 V34_OPT=abcdefgj V33_SAT=-2.5 V35_SAT_ROUND=64 V35_SATC=1 V35_SKIP_JOIN_L2=1 V35_SB_MN=8 V35_CPRE_MN=8 V35_JN_MN=8 V52_FB_FOLD=1 V21_NO_CONFINE=1  SAVE_OUT=onc_15.npy python oracle_one.py 15 none none nc
m2fit_15	V29_WARM_JOIN=1 V29_WARM_FB=1 V17_R_RES=4 V26_STRASSEN=6 V26_STRASSEN_MIN=16 V32_JOIN_SMM=1 V32_ROT_SMM=1 V32_JOIN_POST=3 V32_JP_C=0.1 V21_R_OLD=320 V24_R_OLD2=192 V18_R_FB=2 V24_AGE_OLD2=8 V33_K4Q=3 V33_K4Q_RANK=4 V34_OPT=abcdefgj V33_SAT=-2.5 V35_SAT_ROUND=64 V35_SATC=1 V35_SKIP_JOIN_L2=1 V35_SB_MN=8 V35_CPRE_MN=8 V35_JN_MN=8 V52_FB_FOLD=1 V21_NO_CONFINE=1 V56_P4=2 V56_A=1.15 V56_B=0.7 SAVE_OUT=om2fit_15.npy python oracle_one.py 15 none none m2fit
m2der_15	V29_WARM_JOIN=1 V29_WARM_FB=1 V17_R_RES=4 V26_STRASSEN=6 V26_STRASSEN_MIN=16 V32_JOIN_SMM=1 V32_ROT_SMM=1 V32_JOIN_POST=3 V32_JP_C=0.1 V21_R_OLD=320 V24_R_OLD2=192 V18_R_FB=2 V24_AGE_OLD2=8 V33_K4Q=3 V33_K4Q_RANK=4 V34_OPT=abcdefgj V33_SAT=-2.5 V35_SAT_ROUND=64 V35_SATC=1 V35_SKIP_JOIN_L2=1 V35_SB_MN=8 V35_CPRE_MN=8 V35_JN_MN=8 V52_FB_FOLD=1 V21_NO_CONFINE=1 V56_P4=2 V56_A=1 V56_B=1 SAVE_OUT=om2der_15.npy python oracle_one.py 15 none none m2der
m1fit_15	V29_WARM_JOIN=1 V29_WARM_FB=1 V17_R_RES=4 V26_STRASSEN=6 V26_STRASSEN_MIN=16 V32_JOIN_SMM=1 V32_ROT_SMM=1 V32_JOIN_POST=3 V32_JP_C=0.1 V21_R_OLD=320 V24_R_OLD2=192 V18_R_FB=2 V24_AGE_OLD2=8 V33_K4Q=3 V33_K4Q_RANK=4 V34_OPT=abcdefgj V33_SAT=-2.5 V35_SAT_ROUND=64 V35_SATC=1 V35_SKIP_JOIN_L2=1 V35_SB_MN=8 V35_CPRE_MN=8 V35_JN_MN=8 V52_FB_FOLD=1 V21_NO_CONFINE=1 V56_P4=1 V56_A=1.15 V56_B=0.7 SAVE_OUT=om1fit_15.npy python oracle_one.py 15 none none m1fit
m2path_15	V29_WARM_JOIN=1 V29_WARM_FB=1 V17_R_RES=4 V26_STRASSEN=6 V26_STRASSEN_MIN=16 V32_JOIN_SMM=1 V32_ROT_SMM=1 V32_JOIN_POST=3 V32_JP_C=0.1 V21_R_OLD=320 V24_R_OLD2=192 V18_R_FB=2 V24_AGE_OLD2=8 V33_K4Q=3 V33_K4Q_RANK=4 V34_OPT=abcdefgj V33_SAT=-2.5 V35_SAT_ROUND=64 V35_SATC=1 V35_SKIP_JOIN_L2=1 V35_SB_MN=8 V35_CPRE_MN=8 V35_JN_MN=8 V52_FB_FOLD=1 V21_NO_CONFINE=1 V56_P4=2 V56_A=1.15 V56_B=0 SAVE_OUT=om2path_15.npy python oracle_one.py 15 none none m2path
m2star_15	V29_WARM_JOIN=1 V29_WARM_FB=1 V17_R_RES=4 V26_STRASSEN=6 V26_STRASSEN_MIN=16 V32_JOIN_SMM=1 V32_ROT_SMM=1 V32_JOIN_POST=3 V32_JP_C=0.1 V21_R_OLD=320 V24_R_OLD2=192 V18_R_FB=2 V24_AGE_OLD2=8 V33_K4Q=3 V33_K4Q_RANK=4 V34_OPT=abcdefgj V33_SAT=-2.5 V35_SAT_ROUND=64 V35_SATC=1 V35_SKIP_JOIN_L2=1 V35_SB_MN=8 V35_CPRE_MN=8 V35_JN_MN=8 V52_FB_FOLD=1 V21_NO_CONFINE=1 V56_P4=2 V56_A=0 V56_B=0.7 SAVE_OUT=om2star_15.npy python oracle_one.py 15 none none m2star
a1_15	V29_WARM_JOIN=1 V29_WARM_FB=1 V17_R_RES=4 V26_STRASSEN=6 V26_STRASSEN_MIN=16 V32_JOIN_SMM=1 V32_ROT_SMM=1 V32_JOIN_POST=3 V32_JP_C=0.1 V21_R_OLD=320 V24_R_OLD2=192 V18_R_FB=2 V24_AGE_OLD2=8 V33_K4Q=3 V33_K4Q_RANK=4 V34_OPT=abcdefgj V33_SAT=-2.5 V35_SAT_ROUND=64 V35_SATC=1 V35_SKIP_JOIN_L2=1 V35_SB_MN=8 V35_CPRE_MN=8 V35_JN_MN=8 V52_FB_FOLD=1 V21_NO_CONFINE=1 V56_P4=2 V56_A=1.15 V56_B=0.7 V56_LMIN=3 V56_LAST=0 SAVE_OUT=oa1_15.npy python oracle_one.py 15 none none a1
a2_15	V29_WARM_JOIN=1 V29_WARM_FB=1 V17_R_RES=4 V26_STRASSEN=6 V26_STRASSEN_MIN=16 V32_JOIN_SMM=1 V32_ROT_SMM=1 V32_JOIN_POST=3 V32_JP_C=0.1 V21_R_OLD=320 V24_R_OLD2=192 V18_R_FB=2 V24_AGE_OLD2=8 V33_K4Q=3 V33_K4Q_RANK=4 V34_OPT=abcdefgj V33_SAT=-2.5 V35_SAT_ROUND=64 V35_SATC=1 V35_SKIP_JOIN_L2=1 V35_SB_MN=8 V35_CPRE_MN=8 V35_JN_MN=8 V52_FB_FOLD=1 V21_NO_CONFINE=1 V56_P4=2 V56_A=1.15 V56_B=0.7 V56_LMIN=3 V56_LAST=2 SAVE_OUT=oa2_15.npy python oracle_one.py 15 none none a2
a3_15	V29_WARM_JOIN=1 V29_WARM_FB=1 V17_R_RES=4 V26_STRASSEN=6 V26_STRASSEN_MIN=16 V32_JOIN_SMM=1 V32_ROT_SMM=1 V32_JOIN_POST=3 V32_JP_C=0.1 V21_R_OLD=320 V24_R_OLD2=192 V18_R_FB=2 V24_AGE_OLD2=8 V33_K4Q=3 V33_K4Q_RANK=4 V34_OPT=abcdefgj V33_SAT=-2.5 V35_SAT_ROUND=64 V35_SATC=1 V35_SKIP_JOIN_L2=1 V35_SB_MN=8 V35_CPRE_MN=8 V35_JN_MN=8 V52_FB_FOLD=1 V21_NO_CONFINE=1 V56_P4=2 V56_A=1 V56_B=1 V56_LMIN=3 V56_LAST=2 SAVE_OUT=oa3_15.npy python oracle_one.py 15 none none a3
a4_15	V29_WARM_JOIN=1 V29_WARM_FB=1 V17_R_RES=4 V26_STRASSEN=6 V26_STRASSEN_MIN=16 V32_JOIN_SMM=1 V32_ROT_SMM=1 V32_JOIN_POST=3 V32_JP_C=0.1 V21_R_OLD=320 V24_R_OLD2=192 V18_R_FB=2 V24_AGE_OLD2=8 V33_K4Q=3 V33_K4Q_RANK=4 V34_OPT=abcdefgj V33_SAT=-2.5 V35_SAT_ROUND=64 V35_SATC=1 V35_SKIP_JOIN_L2=1 V35_SB_MN=8 V35_CPRE_MN=8 V35_JN_MN=8 V52_FB_FOLD=1 V21_NO_CONFINE=1 V56_P4=2 V56_A=1.15 V56_B=0 V56_LMIN=3 V56_LAST=2 SAVE_OUT=oa4_15.npy python oracle_one.py 15 none none a4
